Source,Target,Type
W4206500717,W2986273318,Directed
W3155638432,W2986273318,Directed
W2997919341,W2986273318,Directed
W3155333579,W2986273318,Directed
W3153413682,W2986273318,Directed
W3196020299,W2986273318,Directed
W4293253193,W2986273318,Directed
W4367860606,W2986273318,Directed
W4223931259,W2986273318,Directed
W3001533941,W2986273318,Directed
W7140113249,W2986273318,Directed
W4213245517,W2986273318,Directed
W4213335484,W2986273318,Directed
W4321485151,W2986273318,Directed
W3159809086,W2986273318,Directed
W3210226107,W2986273318,Directed
W4292947877,W2986273318,Directed
W3153917096,W2986273318,Directed
W4389832989,W2986273318,Directed
W3093882121,W2986273318,Directed
W4396758690,W2986273318,Directed
W4399290793,W2986273318,Directed
W4390446658,W2986273318,Directed
W4307811153,W2986273318,Directed
W3153425017,W2986273318,Directed
W3095367057,W2986273318,Directed
W3154369429,W2986273318,Directed
W4384636773,W2986273318,Directed
W4388955650,W2986273318,Directed
W4290878292,W2986273318,Directed
W4385565236,W2986273318,Directed
W4382203119,W2986273318,Directed
W4399387769,W2986273318,Directed
W4400033023,W2986273318,Directed
W3217373882,W2986273318,Directed
W3035309367,W2986273318,Directed
W3156055390,W2986273318,Directed
W3040032614,W2986273318,Directed
W4318710503,W2986273318,Directed
W4392123300,W2986273318,Directed
W4403582471,W2986273318,Directed
W4404078859,W2986273318,Directed
W4407953134,W2986273318,Directed
W4409149914,W2986273318,Directed
W4412396197,W2986273318,Directed
W4413349469,W2986273318,Directed
W7126052060,W2986273318,Directed
W7140115190,W2986273318,Directed
W4406073177,W3208268490,Directed
W4412396168,W3208268490,Directed
W4366310338,W3208268490,Directed
W3174604160,W3021927925,Directed
W4285242745,W3021927925,Directed
W3164698931,W3021927925,Directed
W4383860112,W3021927925,Directed
W4404106352,W3021927925,Directed
W4387215963,W3021927925,Directed
W4396758634,W3021927925,Directed
W4408313130,W3021927925,Directed
W3104197154,W3021927925,Directed
W3207800640,W3021927925,Directed
W3211902004,W3021927925,Directed
W4295899235,W3021927925,Directed
W4223954367,W3021927925,Directed
W4213418810,W3021927925,Directed
W4324007106,W3021927925,Directed
W4366003039,W3021927925,Directed
W4400422209,W3021927925,Directed
W4226293427,W3021927925,Directed
W4400774316,W3021927925,Directed
W4408955334,W3021927925,Directed
W4281904876,W3021927925,Directed
W4387337858,W3021927925,Directed
W4297101959,W3021927925,Directed
W4285385153,W3021927925,Directed
W4390682058,W3021927925,Directed
W4386160462,W3021927925,Directed
W4396827188,W3021927925,Directed
W4403341616,W3021927925,Directed
W4407161427,W3021927925,Directed
W3106796644,W3021927925,Directed
W4395063021,W3021927925,Directed
W4313042644,W3021927925,Directed
W4214732366,W3021927925,Directed
W4214510957,W3021927925,Directed
W4302023632,W3021927925,Directed
W3047438096,W3021927925,Directed
W4290652541,W3021927925,Directed
W4295957299,W3021927925,Directed
W4400994997,W3021927925,Directed
W3092179950,W3021927925,Directed
W3174897849,W3021927925,Directed
W4297893962,W3021927925,Directed
W3166779068,W3021927925,Directed
W3205194673,W3021927925,Directed
W4387164779,W3021927925,Directed
W4401539876,W3021927925,Directed
W4410049888,W3021927925,Directed
W4410773931,W3021927925,Directed
W4412659843,W3021927925,Directed
W4414016847,W3021927925,Directed
W4416744782,W3021927925,Directed
W4416744803,W3021927925,Directed
W7155179383,W3021927925,Directed
W4401983417,W4387846225,Directed
W4406847104,W4387846225,Directed
W4319789935,W4387846225,Directed
W4394844641,W4387846225,Directed
W4403484247,W4387846225,Directed
W4412663323,W4387846225,Directed
W4416017204,W4387846225,Directed
W7125614867,W4387846225,Directed
W4406461149,W4387846225,Directed
W4399205226,W4312839192,Directed
W4398237165,W4312839192,Directed
W4372348612,W4312839192,Directed
W4406409099,W4312839192,Directed
W4416183485,W4403577773,Directed
W4410357609,W4411120791,Directed
W4413942418,W4411120791,Directed
W4411359715,W4411120791,Directed
W7166653906,W4416017180,Directed
W7152461932,W4411121010,Directed
W4410145882,W4403577491,Directed
W7166088405,W4403577491,Directed
W4403661694,W4412876960,Directed
W7156154776,W4412876960,Directed
W7160718574,W4412876960,Directed
W7138930689,W4412876909,Directed
W7152483105,W4412876909,Directed
W7165692618,W4412876909,Directed
W4411121012,W4399205168,Directed
W3135099046,W3049302648,Directed
W4361767563,W3049302648,Directed
W4402726987,W3049302648,Directed
W3155849847,W3049302648,Directed
W4409482736,W3049302648,Directed
W4404524983,W3049302648,Directed
W4327644090,W3049302648,Directed
W3159613442,W3049302648,Directed
W3159675306,W3049302648,Directed
W3173384126,W3049302648,Directed
W4404523857,W3049302648,Directed
W4404524982,W3049302648,Directed
W7116668951,W3049302648,Directed
W4416016647,W4416017189,Directed
W4285253555,W3208564698,Directed
W4360979299,W3208564698,Directed
W4283018239,W4288079520,Directed
W4384648390,W4288079520,Directed
W4296604562,W4288079520,Directed
W3161328255,W4288079520,Directed
W4392367737,W4288079520,Directed
W3201178526,W4288079520,Directed
W4296591809,W4288079520,Directed
W4321480014,W4288079520,Directed
W4285740000,W4288079520,Directed
W3163519245,W4288079520,Directed
W4400528177,W4288079520,Directed
W4210719716,W4288079520,Directed
W4400528622,W4288079520,Directed
W4406434737,W4288079520,Directed
W4390443640,W4288079520,Directed
W4403577803,W4288079520,Directed
W4296604533,W4288079520,Directed
W4386729783,W4288079520,Directed
W4391114270,W4288079520,Directed
W4409256337,W4288079520,Directed
W4412636197,W4288079520,Directed
W4414034908,W4288079520,Directed
W4413071696,W4411120958,Directed
W4414595856,W4412877089,Directed
W4417509039,W4412877089,Directed
W7135230362,W4412877089,Directed
W7155402706,W4412877089,Directed
W7164923515,W4412877089,Directed
W4415928722,W4412876938,Directed
W7162312435,W4412876938,Directed
W4414603797,W4412876938,Directed
W4415568535,W4412876938,Directed
W4416016512,W4412876938,Directed
W7116934676,W4412876938,Directed
W7123817767,W4412876938,Directed
W7125866242,W4412876938,Directed
W7160372386,W4412876938,Directed
W7160388959,W4412876938,Directed
W7163131776,W4412876938,Directed
W7163737502,W4412876938,Directed
W7163895179,W4412876938,Directed
W7164415922,W4412876938,Directed
W7166740513,W4412876938,Directed
W4386629786,W4306317008,Directed
W4388281579,W4306317008,Directed
W4412638721,W4306317008,Directed
W4392018827,W4306317008,Directed
W4392384314,W4306317008,Directed
W4385570694,W4306317008,Directed
W4402686798,W4306317008,Directed
W4403577850,W4306317008,Directed
W4415672204,W4306317008,Directed
W7131632279,W4306317008,Directed
W4392427626,W3116510227,Directed
W4399205940,W3116510227,Directed
W4407411575,W3116510227,Directed
W7140122074,W3116510227,Directed
W4403577392,W4387846245,Directed
W4399205800,W4312313312,Directed
W4404172121,W4312313312,Directed
W4287888535,W4312313312,Directed
W4390976274,W4312313312,Directed
W4410486495,W4312313312,Directed
W4387951040,W4312313312,Directed
W4415260459,W4312313312,Directed
W7140586337,W4312313312,Directed
W4401811092,W4312313312,Directed
W4389518215,W4312313312,Directed
W4407953165,W4312313312,Directed
W4412475402,W4312313312,Directed
W7160396331,W4312313312,Directed
W7167579799,W4312313312,Directed
W4401390051,W4306317817,Directed
W4402040779,W4306317817,Directed
W4393247932,W4306317817,Directed
W4414333426,W4306317817,Directed
W4407110755,W4306317817,Directed
W7154473949,W4306317817,Directed
W4414039548,W4411121024,Directed
W7134173419,W4411121024,Directed
W4400028653,W4380302034,Directed
W4387846225,W4380302034,Directed
W4394844641,W4380302034,Directed
W4406127278,W4380302034,Directed
W7125614867,W4380302034,Directed
W4399205709,W4380302034,Directed
W4385872085,W4380302034,Directed
W4411121012,W4380302034,Directed
W4417274098,W4380302034,Directed
W4416224769,W4412876982,Directed
W4415883515,W4412876982,Directed
W7141508265,W4412876982,Directed
W7154466504,W4412876982,Directed
W7159681233,W4412876982,Directed
W7161501466,W4412876982,Directed
W7164140225,W4412876982,Directed
W4405844909,W4387848991,Directed
W4410738219,W4387848991,Directed
W4400720152,W4387848991,Directed
W4404708480,W4387848991,Directed
W4394866274,W4312937919,Directed
W7140582673,W4312937919,Directed
W4280519126,W4312937919,Directed
W4405201271,W4312937919,Directed
W4385572859,W4312937919,Directed
W4385573612,W4312937919,Directed
W4410975232,W4312937919,Directed
W7117732938,W4399205721,Directed
W7130646148,W4403577323,Directed
W7160718231,W4403577323,Directed
W7167578239,W4403577323,Directed
W4413922405,W4387846611,Directed
W7118132038,W4399837592,Directed
W4410638173,W4399837592,Directed
W4416017204,W4399837592,Directed
W4410505351,W4399837592,Directed
W4415160583,W4399837592,Directed
W7134284892,W4399837592,Directed
W7159962622,W4399837592,Directed
W7162778173,W4399837592,Directed
W3085678997,W2537308293,Directed
W2986864699,W2537308293,Directed
W2988120263,W2537308293,Directed
W3166419968,W2537308293,Directed
W2968078309,W2537308293,Directed
W4375928829,W2537308293,Directed
W4400910185,W2537308293,Directed
W3092306034,W2537308293,Directed
W4362581699,W2537308293,Directed
W4400351440,W2537308293,Directed
W4312843444,W2537308293,Directed
W3208550520,W2537308293,Directed
W2790621384,W2537308293,Directed
W4316924441,W2537308293,Directed
W2979491766,W2537308293,Directed
W2777713297,W2537308293,Directed
W2808733110,W2537308293,Directed
W2967655238,W2537308293,Directed
W3200203587,W2537308293,Directed
W4393988936,W2537308293,Directed
W7160613455,W2537308293,Directed
W7152696460,W4412876988,Directed
W4412424199,W4411120977,Directed
W7154597562,W4411120977,Directed
W7165053817,W4411120977,Directed
W3002330681,W2953954626,Directed
W2980412466,W2953954626,Directed
W4320853810,W2953954626,Directed
W4390817402,W2953954626,Directed
W4410538735,W2953954626,Directed
W3003044879,W2953954626,Directed
W3209912973,W2953954626,Directed
W4404172456,W2953954626,Directed
W4289812579,W2953954626,Directed
W4312839192,W2953954626,Directed
W4312717789,W2953954626,Directed
W4392526082,W2953954626,Directed
W4399205739,W2953954626,Directed
W4395443455,W2953954626,Directed
W2972352314,W2953954626,Directed
W3215979431,W2953954626,Directed
W4226509292,W2953954626,Directed
W4312583684,W2953954626,Directed
W4399765380,W3159785742,Directed
W3082034810,W3159785742,Directed
W4386352794,W3159785742,Directed
W4225378553,W2810509939,Directed
W2986878665,W2810509939,Directed
W4286252375,W2810509939,Directed
W3035862209,W2810509939,Directed
W4391235363,W2810509939,Directed
W2971624451,W2810509939,Directed
W3081943439,W2810509939,Directed
W3011131872,W2810509939,Directed
W3037439385,W2810509939,Directed
W2954476116,W2810509939,Directed
W2970875987,W2810509939,Directed
W3157252883,W2810509939,Directed
W4311871581,W2810509939,Directed
W3180265931,W2810509939,Directed
W3034612156,W2810509939,Directed
W4212849856,W2810509939,Directed
W4221134258,W2810509939,Directed
W4312902304,W2810509939,Directed
W4391164165,W2810509939,Directed
W3004223283,W2810509939,Directed
W4210433607,W2810509939,Directed
W3034049032,W2810509939,Directed
W4283734474,W2810509939,Directed
W3015696947,W2810509939,Directed
W4310173829,W2810509939,Directed
W4408399615,W2810509939,Directed
W4385642073,W4306317348,Directed
W4405143953,W4306317348,Directed
W4411033437,W4306317348,Directed
W7162001803,W4416017474,Directed
W4410425711,W4400720152,Directed
W7167336723,W4400720152,Directed
W2806198715,W2612937920,Directed
W2807490770,W2612937920,Directed
W2933029306,W2612937920,Directed
W4220808645,W2612937920,Directed
W4297359186,W2612937920,Directed
W4406300032,W2612937920,Directed
W3104217996,W2612937920,Directed
W2933162517,W2612937920,Directed
W3198065645,W2612937920,Directed
W3052520363,W2612937920,Directed
W4313166540,W2612937920,Directed
W3186642825,W2612937920,Directed
W4220711172,W2612937920,Directed
W3161594303,W2612937920,Directed
W4399075343,W2612937920,Directed
W4287854818,W2612937920,Directed
W4402626551,W2612937920,Directed
W3096902286,W2612937920,Directed
W2907439681,W2612937920,Directed
W2936576629,W2612937920,Directed
W2954412355,W2612937920,Directed
W4226198761,W2612937920,Directed
W3171053085,W2612937920,Directed
W4406755390,W2612937920,Directed
W3089969421,W2612937920,Directed
W3088950928,W2612937920,Directed
W3107826345,W2612937920,Directed
W2888213197,W2612937920,Directed
W4312330483,W2612937920,Directed
W2905279389,W2612937920,Directed
W4392890269,W2612937920,Directed
W2795276822,W2612937920,Directed
W4387241904,W2612937920,Directed
W4309679252,W2612937920,Directed
W2962851639,W2612937920,Directed
W4297904282,W2612937920,Directed
W4287887862,W2612937920,Directed
W2950583636,W2612937920,Directed
W4200390593,W2612937920,Directed
W4409002789,W2612937920,Directed
W4410478499,W2612937920,Directed
W4414300491,W2612937920,Directed
W4415821725,W2612937920,Directed
W4206500717,W2897495521,Directed
W3173436521,W2897495521,Directed
W3172960769,W2897495521,Directed
W4366967264,W2897495521,Directed
W4414537662,W2897495521,Directed
W4367047042,W2897495521,Directed
W3196976513,W2897495521,Directed
W4399290793,W2897495521,Directed
W3135419330,W2897495521,Directed
W3211260283,W2897495521,Directed
W4226255129,W2897495521,Directed
W4281480903,W2897495521,Directed
W4387986432,W2897495521,Directed
W3035309367,W2897495521,Directed
W4320008493,W2897495521,Directed
W4383890628,W2897495521,Directed
W7152557186,W2897495521,Directed
W7165544519,W4416018097,Directed
W4408979274,W4387846272,Directed
W4403582602,W4387846272,Directed
W4416251320,W4387846272,Directed
W7166060098,W4387846272,Directed
W4412875529,W4401857444,Directed
W7123354967,W4401857444,Directed
W4414154492,W4401857444,Directed
W4412877160,W4401857444,Directed
W4409814862,W4401857444,Directed
W4410636867,W4401857444,Directed
W4417283644,W4401857444,Directed
W7118172406,W4401857444,Directed
W7160854349,W4401857444,Directed
W7162201082,W4401857444,Directed
W7162659486,W4401857444,Directed
W4395447491,W4312804490,Directed
W4388961323,W4312804490,Directed
W4381193248,W4312804490,Directed
W4409657566,W4312804490,Directed
W4296558479,W4312804490,Directed
W7154128501,W4312804490,Directed
W4409156621,W4312804490,Directed
W4416250058,W4312804490,Directed
W4416962025,W4312804490,Directed
W7155493519,W4312804490,Directed
W4391778999,W4292200154,Directed
W4398789263,W4292200154,Directed
W4411241923,W4292200154,Directed
W4408258539,W4292200154,Directed
W4390405285,W4292200154,Directed
W4416183411,W4292200154,Directed
W7160388045,W4292200154,Directed
W4385642073,W3209939081,Directed
W4413243547,W3209939081,Directed
W4409852380,W3209939081,Directed
W4388763343,W3209939081,Directed
W4393853793,W3209939081,Directed
W4416017339,W4412875503,Directed
W7162094605,W4412877055,Directed
W4416364328,W4411120820,Directed
W4411862629,W4411120820,Directed
W7155493519,W4411120820,Directed
W7161847415,W4411120820,Directed
W4406161080,W4401863414,Directed
W7130436101,W4401863414,Directed
W4411643595,W4401863414,Directed
W4407308237,W4401863414,Directed
W4408167824,W4401863414,Directed
W4415026493,W4401863414,Directed
W4412825753,W4401863414,Directed
W4401039804,W4401863414,Directed
W4412864786,W4401863414,Directed
W4417509646,W4401863414,Directed
W4406457900,W4401863414,Directed
W4412876994,W4401863414,Directed
W4416121546,W4401863414,Directed
W4406460256,W4401863414,Directed
W4403123921,W4401863414,Directed
W4407731029,W4401863414,Directed
W4409747755,W4401863414,Directed
W4412405985,W4401863414,Directed
W4413264519,W4401863414,Directed
W4413894644,W4401863414,Directed
W7118689696,W4401863414,Directed
W7125984194,W4401863414,Directed
W7125993918,W4401863414,Directed
W7131271499,W4401863414,Directed
W7133332655,W4401863414,Directed
W7136474098,W4401863414,Directed
W7144088220,W4401863414,Directed
W7155030034,W4401863414,Directed
W4413361114,W4403582411,Directed
W4412939426,W4403582411,Directed
W4416016804,W4403582411,Directed
W7130646148,W4403582411,Directed
W3189623885,W3093963954,Directed
W3188457260,W3093963954,Directed
W4323904020,W3093963954,Directed
W4410049688,W3093963954,Directed
W4399338573,W3093963954,Directed
W4411086482,W3093963954,Directed
W4386730013,W3093963954,Directed
W4393073575,W3093963954,Directed
W4283780413,W3093963954,Directed
W4288470878,W3093963954,Directed
W4396843781,W3093963954,Directed
W4412893977,W3093963954,Directed
W4413943478,W3093963954,Directed
W4376638934,W3093963954,Directed
W4295872520,W3093963954,Directed
W4400850393,W3093963954,Directed
W4416017195,W3093963954,Directed
W4407406486,W4380302039,Directed
W4400517951,W4380302039,Directed
W4404387342,W4380302039,Directed
W4380358385,W4380302039,Directed
W4385628532,W4380302039,Directed
W4391758431,W4380302039,Directed
W4399629423,W4380302039,Directed
W4395689031,W4380302039,Directed
W4410833287,W4380302039,Directed
W4396736033,W4380302039,Directed
W4389240831,W4380302039,Directed
W4406781064,W4380302039,Directed
W4412201438,W4380302039,Directed
W7118165983,W4380302039,Directed
W7138913694,W4380302039,Directed
W4403436537,W4380302039,Directed
W4403582595,W4380302039,Directed
W4399812419,W4380302039,Directed
W4366399859,W4380302039,Directed
W4389905864,W4380302039,Directed
W4389002059,W4380302039,Directed
W4387330066,W4380302039,Directed
W4387344744,W4380302039,Directed
W4387385218,W4380302039,Directed
W4387861693,W4380302039,Directed
W4399205124,W4380302039,Directed
W4399205238,W4380302039,Directed
W4403432819,W4380302039,Directed
W4415250944,W4380302039,Directed
W4416148430,W4380302039,Directed
W7138942595,W4380302039,Directed
W7160986640,W4380302039,Directed
W7164405490,W4380302039,Directed
W4390798746,W4312988836,Directed
W4409721199,W4312988836,Directed
W4415257345,W4312988836,Directed
W4399205975,W4312988836,Directed
W4382200991,W4312988836,Directed
W4413190620,W4312988836,Directed
W7117143001,W4312988836,Directed
W4386590384,W4312988836,Directed
W4416273053,W4312988836,Directed
W4404295886,W4312988836,Directed
W4410888387,W4312988836,Directed
W4412177553,W4312988836,Directed
W4413994448,W4312988836,Directed
W4415153141,W4312988836,Directed
W4415688589,W4312988836,Directed
W4415884563,W4312988836,Directed
W4416747942,W4312988836,Directed
W4416961909,W4312988836,Directed
W7131104135,W4312988836,Directed
W7162099823,W4312988836,Directed
W4403329772,W4387848734,Directed
W4411420598,W4387848734,Directed
W4395101833,W4387848734,Directed
W4411550007,W4387848734,Directed
W4395101357,W4387848734,Directed
W4395101553,W4387848734,Directed
W4395102114,W4387848734,Directed
W4410199616,W4387848734,Directed
W7167246894,W4387848734,Directed
W4366782941,W4306316911,Directed
W3185820380,W4306316911,Directed
W4401960466,W4306316911,Directed
W4414034785,W4306316911,Directed
W4380991578,W4306316911,Directed
W4403222309,W4306316911,Directed
W4410505209,W4306316911,Directed
W4399913375,W4306316911,Directed
W4403221703,W4306316911,Directed
W4410091503,W4306316911,Directed
W4411216760,W4306316911,Directed
W4403221103,W4306316911,Directed
W7125287239,W4306316911,Directed
W4393218603,W4306316911,Directed
W4399793320,W4306316911,Directed
W4385849152,W4306316911,Directed
W4387105508,W4306316911,Directed
W4392367469,W4306316911,Directed
W4395094662,W4306316911,Directed
W4414664371,W4306316911,Directed
W7154214282,W4306316911,Directed
W3100292568,W3094347401,Directed
W4385642073,W3094347401,Directed
W4281482237,W3094347401,Directed
W4284707525,W3094347401,Directed
W3198952405,W3094347401,Directed
W4413243547,W3094347401,Directed
W4367365649,W3094347401,Directed
W3201646979,W3094347401,Directed
W3150842384,W3094347401,Directed
W4385573361,W3094347401,Directed
W4284710359,W3094347401,Directed
W3208535787,W3094347401,Directed
W3208518372,W3094347401,Directed
W4224219410,W3094347401,Directed
W3195872342,W3094347401,Directed
W4284676181,W3094347401,Directed
W4297816431,W3094347401,Directed
W4310015411,W3094347401,Directed
W4396722706,W3094347401,Directed
W4396757444,W3094347401,Directed
W4293248017,W3094347401,Directed
W3094396842,W3094347401,Directed
W4226034529,W3094347401,Directed
W4221017503,W3094347401,Directed
W4281763369,W3094347401,Directed
W4385568162,W3094347401,Directed
W4388955544,W3094347401,Directed
W4396735947,W3094347401,Directed
W4396882328,W3094347401,Directed
W4405761888,W3094347401,Directed
W4405883416,W3094347401,Directed
W4409167228,W3094347401,Directed
W3196635871,W3094347401,Directed
W3135098253,W3094347401,Directed
W4386566767,W3094347401,Directed
W4387847693,W3094347401,Directed
W4306317341,W3094347401,Directed
W4403582551,W3094347401,Directed
W4409973894,W3094347401,Directed
W4226325241,W3094347401,Directed
W4287448694,W3094347401,Directed
W3209431991,W3094347401,Directed
W3019779721,W3094347401,Directed
W3214164160,W3094347401,Directed
W3127591906,W3094347401,Directed
W3203416601,W3094347401,Directed
W4327642307,W3094347401,Directed
W4366723980,W3094347401,Directed
W4400977018,W3094347401,Directed
W4412377298,W3094347401,Directed
W4412673532,W3094347401,Directed
W4412877003,W3094347401,Directed
W4413683006,W3094347401,Directed
W4416016849,W3094347401,Directed
W4416250875,W3094347401,Directed
W7125304714,W3094347401,Directed
W7127562723,W3094347401,Directed
W4382624116,W4306317017,Directed
W4391795948,W4306317017,Directed
W4402517943,W4306317017,Directed
W4402816747,W4306317017,Directed
W4387005346,W4306317017,Directed
W4400525846,W4306317017,Directed
W4393185602,W4306317017,Directed
W4412422747,W4306317017,Directed
W4409985681,W4306317017,Directed
W4403023927,W4306317017,Directed
W4405270501,W4306317017,Directed
W4405939921,W4306317017,Directed
W4393359877,W4306317017,Directed
W4404102049,W4306317017,Directed
W4408259487,W4306317017,Directed
W4413278140,W4306317017,Directed
W4416726442,W4306317017,Directed
W3120229508,W3023239493,Directed
W3186906220,W3023239493,Directed
W3118741673,W3023239493,Directed
W3199262864,W3023239493,Directed
W4404039744,W4399205832,Directed
W4412595594,W4399205832,Directed
W4413169616,W4399205244,Directed
W4401429829,W4399205244,Directed
W4404968826,W4399205244,Directed
W7117765080,W4399205244,Directed
W7130693797,W4399205244,Directed
W4405011429,W4399205244,Directed
W4413812374,W4399205244,Directed
W4417146771,W4399205244,Directed
W7117656502,W4399205244,Directed
W7127598029,W4399205244,Directed
W7140186737,W4399205244,Directed
W7160489113,W4399205244,Directed
W4404954293,W4306317353,Directed
W4414680915,W4306317353,Directed
W7161799910,W4306317353,Directed
W4399205371,W4312768622,Directed
W4417466025,W4312768622,Directed
W4319950092,W4306317384,Directed
W4410781051,W4306317384,Directed
W7131273637,W4306317384,Directed
W4407614715,W4306317384,Directed
W7154015794,W4306317384,Directed
W4394943236,W4306317384,Directed
W4396832190,W4380359166,Directed
W4385825816,W4306316978,Directed
W4389518632,W4306316978,Directed
W4385825800,W4306316978,Directed
W4379280737,W4306316978,Directed
W2946595845,W2794685318,Directed
W2947770778,W2794685318,Directed
W2954365773,W2794685318,Directed
W2966487074,W2794685318,Directed
W2962830212,W2794685318,Directed
W3152272674,W2794685318,Directed
W2982212967,W2794685318,Directed
W2901097951,W2794685318,Directed
W2931330384,W2794685318,Directed
W4407827488,W2794685318,Directed
W4220714079,W2794685318,Directed
W3115619782,W2794685318,Directed
W4411120901,W2794685318,Directed
W3080850442,W2794685318,Directed
W3048941049,W2794685318,Directed
W3084739620,W2794685318,Directed
W2927732725,W2794685318,Directed
W3083091152,W2794685318,Directed
W2985831993,W2794685318,Directed
W3012283937,W2794685318,Directed
W3093594262,W2794685318,Directed
W3192707957,W2794685318,Directed
W2980695995,W2794685318,Directed
W2996547232,W2794685318,Directed
W2951700457,W2794685318,Directed
W4285347113,W2794685318,Directed
W4409834945,W2794685318,Directed
W3132244481,W3048366122,Directed
W4416017137,W4412877148,Directed
W4408399923,W4403582503,Directed
W4414978543,W4403582503,Directed
W4416017204,W4403582503,Directed
W7161823297,W4403582503,Directed
W4414538992,W4412875460,Directed
W7128546382,W4412875460,Directed
W7165614005,W4412875460,Directed
W7166517718,W4412875460,Directed
W4280590592,W4306316917,Directed
W4315498031,W4306316917,Directed
W4313119132,W4306316917,Directed
W4404758008,W4306316917,Directed
W4379518989,W4306316917,Directed
W4405653378,W4306316917,Directed
W4396883359,W4306316917,Directed
W4399697040,W4306316917,Directed
W4408120544,W4306316917,Directed
W4411549717,W4306316917,Directed
W4409916767,W4306316917,Directed
W4404060117,W4306316917,Directed
W4411055052,W4306316917,Directed
W4410204005,W4306316917,Directed
W4399908572,W4306316917,Directed
W4401751564,W4306316917,Directed
W4392607820,W4306316917,Directed
W4416901687,W4306316917,Directed
W4417045898,W4306316917,Directed
W4413137219,W4306316917,Directed
W4412352681,W4306316917,Directed
W4413822922,W4306316917,Directed
W4416549399,W4306316917,Directed
W7133299072,W4306316917,Directed
W4385688627,W4306316917,Directed
W4385452232,W4306316917,Directed
W4394002272,W4306316917,Directed
W4401818316,W4306316917,Directed
W4412876978,W4306316917,Directed
W4402996906,W4306316917,Directed
W4416994893,W4306316917,Directed
W4406458220,W4306316917,Directed
W4409568339,W4306316917,Directed
W4413364467,W4306316917,Directed
W4415746216,W4306316917,Directed
W4416313822,W4306316917,Directed
W7125944432,W4306316917,Directed
W7132836982,W4306316917,Directed
W7134896795,W4306316917,Directed
W7155102214,W4306316917,Directed
W7160020535,W4306316917,Directed
W7163042149,W4306316917,Directed
W7164170848,W4306316917,Directed
W4385572158,W3033757400,Directed
W4284695904,W3033757400,Directed
W4411121003,W3033757400,Directed
W4401073211,W3033757400,Directed
W4391841738,W3033757400,Directed
W4379523627,W3033757400,Directed
W4385572012,W3033757400,Directed
W4283817243,W3033757400,Directed
W4379510782,W3033757400,Directed
W4386768595,W3033757400,Directed
W4389443765,W3033757400,Directed
W7117464754,W3033757400,Directed
W7161910982,W3033757400,Directed
W7140137235,W4416017198,Directed
W4401834466,W4387854274,Directed
W4400527650,W4387854274,Directed
W4409657195,W4387854274,Directed
W4412376963,W4387854274,Directed
W4404193850,W4387854274,Directed
W4415623814,W4387854274,Directed
W4403582463,W4387854274,Directed
W4410088787,W4387854274,Directed
W4400529722,W4387854274,Directed
W4409002446,W4387854274,Directed
W4400943052,W4387854274,Directed
W4406461149,W4387854274,Directed
W4412876954,W4387854274,Directed
W4417282046,W4387854274,Directed
W7117450420,W4387854274,Directed
W7125007108,W4387854274,Directed
W7152470887,W4387854274,Directed
W7154315075,W4387854274,Directed
W7155630421,W4387854274,Directed
W7155851662,W4387854274,Directed
W7166687131,W4387854274,Directed
W4408345871,W4387848802,Directed
W4417267121,W4387848802,Directed
W4404588513,W4403577801,Directed
W7128609400,W4403577801,Directed
W7133563263,W4403577801,Directed
W4401213616,W3124364749,Directed
W4390547902,W3124364749,Directed
W4293063137,W3124364749,Directed
W4321177583,W3124364749,Directed
W4399365651,W3124364749,Directed
W4283020523,W3124364749,Directed
W4224313013,W3124364749,Directed
W3205301323,W3124364749,Directed
W4282569412,W3124364749,Directed
W4380302122,W3124364749,Directed
W4388202952,W3124364749,Directed
W4399205190,W3124364749,Directed
W4386199806,W3124364749,Directed
W4360765154,W3124364749,Directed
W4281770633,W3124364749,Directed
W3175971736,W3124364749,Directed
W4312588896,W3124364749,Directed
W4297633614,W3124364749,Directed
W4386462080,W3124364749,Directed
W4391265935,W3124364749,Directed
W4408139070,W3124364749,Directed
W4410118483,W3124364749,Directed
W4391430476,W3124364749,Directed
W4401822700,W3124364749,Directed
W4380302234,W3124364749,Directed
W4221059212,W3124364749,Directed
W4387838169,W3124364749,Directed
W4323644322,W3124364749,Directed
W4380302034,W3124364749,Directed
W4387846225,W3124364749,Directed
W4387059552,W3124364749,Directed
W4394844641,W3124364749,Directed
W4406127278,W3124364749,Directed
W4395701687,W3124364749,Directed
W4404903053,W3124364749,Directed
W4392846396,W3124364749,Directed
W4414509797,W3124364749,Directed
W4283447469,W3124364749,Directed
W4224979557,W3124364749,Directed
W4380361365,W3124364749,Directed
W4385187346,W3124364749,Directed
W4372341084,W3124364749,Directed
W4410636986,W3124364749,Directed
W4415342126,W3124364749,Directed
W4407786033,W3124364749,Directed
W4408324209,W3124364749,Directed
W4400481834,W3124364749,Directed
W3209123674,W3124364749,Directed
W4224222145,W3124364749,Directed
W4225635683,W3124364749,Directed
W4225968121,W3124364749,Directed
W4226091709,W3124364749,Directed
W4226103595,W3124364749,Directed
W4226499527,W3124364749,Directed
W4292937952,W3124364749,Directed
W4312570751,W3124364749,Directed
W4385410090,W3124364749,Directed
W4392855942,W3124364749,Directed
W4392856569,W3124364749,Directed
W4402655479,W3124364749,Directed
W4406461149,W3124364749,Directed
W4414158706,W3124364749,Directed
W4414526144,W3124364749,Directed
W4417274098,W3124364749,Directed
W4379984660,W4380302122,Directed
W4399440099,W4380302122,Directed
W4386996800,W4380302122,Directed
W4391944594,W4380302122,Directed
W4399205800,W4380302122,Directed
W4398238207,W4380302122,Directed
W4387576705,W4380302122,Directed
W4404331808,W4380302122,Directed
W4404849144,W4380302122,Directed
W4388837711,W4380302122,Directed
W4393347197,W4380302122,Directed
W4399205151,W4380302122,Directed
W4411111459,W4380302122,Directed
W4412742373,W4380302122,Directed
W4386377546,W4380302122,Directed
W4376254889,W4380302122,Directed
W4386646985,W4380302122,Directed
W4390915947,W4380302122,Directed
W4389633384,W4380302122,Directed
W4397019668,W4380302122,Directed
W4409583429,W4380302122,Directed
W4414548698,W4380302122,Directed
W7162304203,W4380302122,Directed
W7133213905,W4403577377,Directed
W4415625333,W4403577377,Directed
W3021671400,W2977413798,Directed
W4321003823,W2977413798,Directed
W2999115128,W2977413798,Directed
W2945089338,W2977413798,Directed
W3124364749,W2977413798,Directed
W3186527423,W2977413798,Directed
W3021927925,W2977413798,Directed
W2980843044,W2977413798,Directed
W2953126112,W2977413798,Directed
W3201349996,W2977413798,Directed
W3199629123,W2977413798,Directed
W3157623058,W2977413798,Directed
W4380302034,W2977413798,Directed
W3021346137,W2977413798,Directed
W4391183953,W2977413798,Directed
W3137361708,W2977413798,Directed
W3096959275,W2977413798,Directed
W3212301104,W2977413798,Directed
W4392253912,W2977413798,Directed
W4221111677,W2977413798,Directed
W3212788180,W2977413798,Directed
W2955986275,W2977413798,Directed
W2900046970,W2977413798,Directed
W3036171068,W2977413798,Directed
W3045833020,W2977413798,Directed
W4315647957,W2280557596,Directed
W4407928450,W2280557596,Directed
W2885472645,W2280557596,Directed
W3093256590,W2280557596,Directed
W2912934534,W2280557596,Directed
W2800168206,W2280557596,Directed
W3151763631,W2280557596,Directed
W4399621484,W2280557596,Directed
W2535471157,W2280557596,Directed
W2520572858,W2280557596,Directed
W2565658851,W2280557596,Directed
W2963311128,W2280557596,Directed
W2989636011,W2280557596,Directed
W3161677850,W2280557596,Directed
W4317597428,W2280557596,Directed
W4211042938,W2280557596,Directed
W4384283936,W2280557596,Directed
W2967648119,W2280557596,Directed
W2763590333,W2280557596,Directed
W2981763226,W2280557596,Directed
W3210650969,W2280557596,Directed
W2752732376,W2280557596,Directed
W4211241220,W2280557596,Directed
W1896957308,W2280557596,Directed
W2737996447,W2280557596,Directed
W2954654637,W2280557596,Directed
W2615027970,W2280557596,Directed
W3028356932,W2280557596,Directed
W4221125482,W2280557596,Directed
W2887566369,W2280557596,Directed
W2924779131,W2280557596,Directed
W2991095579,W2280557596,Directed
W4312959286,W2280557596,Directed
W2796924018,W2280557596,Directed
W2952593827,W2280557596,Directed
W4285115414,W2280557596,Directed
W2947513757,W2280557596,Directed
W2972625680,W2280557596,Directed
W2999416588,W2280557596,Directed
W3201842821,W2280557596,Directed
W3202909977,W2280557596,Directed
W3212979539,W2280557596,Directed
W4390154731,W2280557596,Directed
W4412790278,W2280557596,Directed
W4414638394,W2280557596,Directed
W3127591480,W2912042439,Directed
W3208658920,W2912042439,Directed
W3096146538,W2912042439,Directed
W4312768622,W2912042439,Directed
W3166376949,W2912042439,Directed
W4324193559,W3210703476,Directed
W4388230897,W3210703476,Directed
W4393144394,W3210703476,Directed
W4385570831,W3210703476,Directed
W4396773040,W3210703476,Directed
W4389524492,W3210703476,Directed
W4385572972,W3210703476,Directed
W4396736173,W3210703476,Directed
W4400528120,W3210703476,Directed
W4385565476,W3210703476,Directed
W4385252838,W3210703476,Directed
W4391175973,W3210703476,Directed
W4399426848,W3210703476,Directed
W7154416886,W4412877137,Directed
W7160838767,W4412877137,Directed
W4386776484,W3210652142,Directed
W4392638288,W3210652142,Directed
W4415049870,W3210652142,Directed
W3205561002,W3210652142,Directed
W4405193918,W3210652142,Directed
W4312795772,W3210652142,Directed
W4415148779,W3210652142,Directed
W4226054681,W3210652142,Directed
W4226265347,W3210652142,Directed
W4319309816,W3210652142,Directed
W4387546716,W3210652142,Directed
W4392460371,W3210652142,Directed
W4405193991,W3210652142,Directed
W4412174587,W3210652142,Directed
W4414227054,W3210652142,Directed
W4415378696,W3210652142,Directed
W4417019894,W3210652142,Directed
W7108325177,W3210652142,Directed
W7160546806,W3210652142,Directed
W4408408335,W4392080666,Directed
W7166040913,W4392080666,Directed
W7110411204,W4412877035,Directed
W4416501402,W4412877035,Directed
W7131434547,W4412877035,Directed
W7155206264,W4412877035,Directed
W3031781733,W2810121253,Directed
W2945928904,W2810121253,Directed
W2944575651,W2810121253,Directed
W2977886427,W2810121253,Directed
W3196268181,W2810121253,Directed
W3169823389,W2810121253,Directed
W4307907065,W2810121253,Directed
W4319966514,W2810121253,Directed
W3127071205,W2810121253,Directed
W2995822546,W2810121253,Directed
W4360602683,W2810121253,Directed
W3124863924,W2810121253,Directed
W3165727065,W2810121253,Directed
W2955692055,W2810121253,Directed
W3135161617,W2810121253,Directed
W3163083951,W2810121253,Directed
W3176457774,W2810121253,Directed
W4393256667,W2810121253,Directed
W3205684765,W2810121253,Directed
W4386099943,W2810121253,Directed
W2968844645,W2810121253,Directed
W3166931231,W2810121253,Directed
W3034436077,W2810121253,Directed
W3030648110,W2810121253,Directed
W4221078457,W2810121253,Directed
W4361220134,W2810121253,Directed
W4361804038,W2810121253,Directed
W4386420896,W2810121253,Directed
W4404106352,W2810121253,Directed
W4392872032,W2810121253,Directed
W4406535068,W2810121253,Directed
W4402033843,W2810121253,Directed
W4406933079,W2810121253,Directed
W3021927925,W2810121253,Directed
W3008373232,W2810121253,Directed
W4211225163,W2810121253,Directed
W2955507135,W2810121253,Directed
W4205754643,W2810121253,Directed
W3130226768,W2810121253,Directed
W4210622371,W2810121253,Directed
W4320011812,W2810121253,Directed
W4379280539,W2810121253,Directed
W4200294922,W2810121253,Directed
W4285351330,W2810121253,Directed
W3030506520,W2810121253,Directed
W4406860727,W2810121253,Directed
W4399205161,W2810121253,Directed
W4206987379,W2810121253,Directed
W3131911579,W2810121253,Directed
W4282833194,W2810121253,Directed
W4327498244,W2810121253,Directed
W4285385153,W2810121253,Directed
W4327500496,W2810121253,Directed
W4389519592,W2810121253,Directed
W4412747823,W2810121253,Directed
W3137353858,W2810121253,Directed
W3118637256,W2810121253,Directed
W3157265579,W2810121253,Directed
W3120198405,W2810121253,Directed
W2986012893,W2810121253,Directed
W4414645917,W2810121253,Directed
W3013380984,W2810121253,Directed
W3162797856,W2810121253,Directed
W3191332647,W2810121253,Directed
W4211047666,W2810121253,Directed
W4380632072,W2810121253,Directed
W4307058635,W2810121253,Directed
W4205329677,W2810121253,Directed
W4206108135,W2810121253,Directed
W4367358049,W2810121253,Directed
W4411192723,W2810121253,Directed
W3094713321,W2810121253,Directed
W3208515772,W2810121253,Directed
W4226541485,W2810121253,Directed
W4385522225,W2810121253,Directed
W2899204128,W2810121253,Directed
W2891453035,W2810121253,Directed
W2987566577,W2810121253,Directed
W2916944933,W2810121253,Directed
W3212788180,W2810121253,Directed
W2955986275,W2810121253,Directed
W2971911738,W2810121253,Directed
W3113336120,W2810121253,Directed
W3165394347,W2810121253,Directed
W3189407540,W2810121253,Directed
W4387174114,W2810121253,Directed
W4401500063,W2810121253,Directed
W3154707484,W2810121253,Directed
W3193332806,W2810121253,Directed
W3195521551,W2810121253,Directed
W4205727195,W2810121253,Directed
W4206938228,W2810121253,Directed
W4207019664,W2810121253,Directed
W4285620351,W2810121253,Directed
W4399041202,W2810121253,Directed
W4410160046,W2810121253,Directed
W7125961013,W2810121253,Directed
W7127652137,W2810121253,Directed
W4318480794,W2810503719,Directed
W3143827210,W2810503719,Directed
W4294768175,W2810503719,Directed
W3196385594,W2810503719,Directed
W4397034170,W2810503719,Directed
W4294768397,W2810503719,Directed
W3205871113,W2810503719,Directed
W4388088357,W2810503719,Directed
W2955681503,W2810503719,Directed
W3174122384,W2810503719,Directed
W3097763911,W2810503719,Directed
W3175511195,W2810503719,Directed
W4321770433,W2810503719,Directed
W4387801290,W2810503719,Directed
W4286506316,W2810503719,Directed
W4391760823,W2810503719,Directed
W4313270743,W2810503719,Directed
W4284975420,W2810503719,Directed
W4388140488,W2810503719,Directed
W4396523263,W2810503719,Directed
W4391696918,W2810503719,Directed
W4392134284,W2810503719,Directed
W4386566749,W2810503719,Directed
W4391113927,W2810503719,Directed
W4415179152,W2810503719,Directed
W4410543145,W2810503719,Directed
W3102329310,W2810503719,Directed
W3001646276,W2810503719,Directed
W2950461581,W2810503719,Directed
W3039017646,W2810503719,Directed
W4285224010,W2810503719,Directed
W3197661515,W2810503719,Directed
W4385571760,W2810503719,Directed
W4381956201,W2810503719,Directed
W4408118747,W2810503719,Directed
W4404903780,W2810503719,Directed
W4411241405,W2810503719,Directed
W4388002106,W2810503719,Directed
W4400488328,W2810503719,Directed
W4402659112,W2810503719,Directed
W4413081229,W2810503719,Directed
W4400406228,W2810503719,Directed
W7123356317,W2810503719,Directed
W3014873451,W2810503719,Directed
W3085549563,W2810503719,Directed
W3028942509,W2810503719,Directed
W3083554674,W2810503719,Directed
W4385571457,W2810503719,Directed
W4392669795,W2810503719,Directed
W4392612102,W2810503719,Directed
W4399376363,W2810503719,Directed
W4401921126,W2810503719,Directed
W4411205315,W2810503719,Directed
W4389009373,W2810503719,Directed
W4414257704,W2810503719,Directed
W4416017167,W2810503719,Directed
W4386766808,W2810503719,Directed
W4368276316,W2810503719,Directed
W4386576895,W2810503719,Directed
W4297796135,W2810503719,Directed
W4399365081,W2810503719,Directed
W4409459617,W2810503719,Directed
W4321091630,W2810503719,Directed
W2944995326,W2810503719,Directed
W2984284833,W2810503719,Directed
W3112275792,W2810503719,Directed
W2979171253,W2810503719,Directed
W3205119668,W2810503719,Directed
W3021944056,W2810503719,Directed
W2984265300,W2810503719,Directed
W2972349860,W2810503719,Directed
W3185322630,W2810503719,Directed
W4225162225,W2810503719,Directed
W4361732475,W2810503719,Directed
W4401907789,W2810503719,Directed
W4402130479,W2810503719,Directed
W4402918828,W2810503719,Directed
W4412684160,W2810503719,Directed
W4413065612,W2810503719,Directed
W4416175687,W2810503719,Directed
W7118020914,W2810503719,Directed
W4224979504,W3153548528,Directed
W3159541068,W3153548528,Directed
W4200192202,W3153548528,Directed
W4319151786,W3153548528,Directed
W4386766469,W3153548528,Directed
W4296330065,W3153548528,Directed
W4381461229,W3153548528,Directed
W4409163548,W3153548528,Directed
W4312490577,W3153548528,Directed
W3175375249,W3153548528,Directed
W4212825547,W3153548528,Directed
W4289985951,W3153548528,Directed
W4388654906,W3153548528,Directed
W4402821506,W3153548528,Directed
W4288694901,W3153548528,Directed
W4403724445,W3153548528,Directed
W4404463805,W3153548528,Directed
W4388624451,W3153548528,Directed
W4408769039,W3153548528,Directed
W4405638294,W3153548528,Directed
W4283021033,W3153548528,Directed
W4392003743,W3153548528,Directed
W4380302034,W3153548528,Directed
W4380302074,W3153548528,Directed
W4380358240,W3153548528,Directed
W4310170818,W3153548528,Directed
W4361005052,W3153548528,Directed
W4288711869,W3153548528,Directed
W4363647907,W3153548528,Directed
W3217060167,W3153548528,Directed
W4407549026,W3153548528,Directed
W3193667465,W3153548528,Directed
W4360765146,W3153548528,Directed
W4296328987,W3153548528,Directed
W4320490954,W3153548528,Directed
W4308207782,W3153548528,Directed
W4391224061,W3153548528,Directed
W4391549766,W3153548528,Directed
W4390623521,W3153548528,Directed
W4312630381,W3153548528,Directed
W4389518759,W3153548528,Directed
W4392251928,W3153548528,Directed
W3212876131,W3153548528,Directed
W4403432635,W3153548528,Directed
W4404701545,W3153548528,Directed
W4367309706,W3153548528,Directed
W4379468709,W3153548528,Directed
W4318147435,W3153548528,Directed
W4396628489,W3153548528,Directed
W3215201349,W3153548528,Directed
W4206073852,W3153548528,Directed
W4379471735,W3153548528,Directed
W3184984474,W3153548528,Directed
W4291517590,W3153548528,Directed
W4297904439,W3153548528,Directed
W4385627220,W3153548528,Directed
W4395661694,W3153548528,Directed
W3153861127,W3153548528,Directed
W3168908631,W3153548528,Directed
W3201551569,W3153548528,Directed
W4394796641,W3153548528,Directed
W3160355510,W3153548528,Directed
W4281702288,W3153548528,Directed
W4286498769,W3153548528,Directed
W4384154301,W3153548528,Directed
W4387860688,W3153548528,Directed
W4389062118,W3153548528,Directed
W4399695660,W3153548528,Directed
W4404463659,W3153548528,Directed
W4405638298,W3153548528,Directed
W4406781062,W3153548528,Directed
W4407346143,W3153548528,Directed
W4409341320,W3153548528,Directed
W7118317158,W3153548528,Directed
W7124605738,W3153548528,Directed
W7134191994,W3153548528,Directed
W4388144113,W4306317038,Directed
W4384643624,W4306317038,Directed
W4396844090,W4306317038,Directed
W4412378029,W4306317038,Directed
W4393100938,W4306317038,Directed
W4386977408,W4306317038,Directed
W4412377186,W4306317038,Directed
W7147234952,W4306317038,Directed
W7161171375,W4306317038,Directed
W4412825753,W4401857203,Directed
W4411713742,W4412875469,Directed
W4414118390,W4412875469,Directed
W7133227109,W4412875469,Directed
W7133549032,W4412875469,Directed
W7135095903,W4412875469,Directed
W7157917597,W4412875469,Directed
W7161556515,W4412875469,Directed
W7161947223,W4412875469,Directed
W7162109775,W4412875469,Directed
W7162787177,W4412875469,Directed
W7162814318,W4412875469,Directed
W7165111498,W4412875469,Directed
W7165174039,W4412875469,Directed
W7167052865,W4412875469,Directed
W7167090265,W4412875469,Directed
W4391699480,W4306317371,Directed
W4391699485,W4306317371,Directed
W4379537138,W4306317371,Directed
W4392667077,W4306317371,Directed
W4320351362,W4306317371,Directed
W7135028989,W4306317371,Directed
W4414249039,W4399205563,Directed
W4413395512,W4399205563,Directed
W4413612750,W4399205563,Directed
W7155364747,W4399205563,Directed
W7164019726,W4412877165,Directed
W4412875449,W4412875486,Directed
W7134916754,W4412875486,Directed
W4402665833,W4385562549,Directed
W4392358084,W4385562549,Directed
W4399557965,W4385562549,Directed
W4386081001,W4385562549,Directed
W4399601909,W4385562549,Directed
W7125135101,W4385562549,Directed
W4403401276,W4385562549,Directed
W4400578969,W4385562549,Directed
W4408047557,W4385562549,Directed
W4403182498,W4385562549,Directed
W4401863519,W4385562549,Directed
W4405660551,W4385562549,Directed
W4401895018,W4385562549,Directed
W4402516191,W4385562549,Directed
W4401508141,W4385562549,Directed
W4403007658,W4385562549,Directed
W4406324010,W4385562549,Directed
W4391841626,W4385562549,Directed
W4403223094,W4385562549,Directed
W4414913062,W4385562549,Directed
W4407942537,W4385562549,Directed
W4410427444,W4385562549,Directed
W4320814215,W4385562549,Directed
W4400318591,W4385562549,Directed
W4413933064,W4385562549,Directed
W4387869031,W4385562549,Directed
W4406014556,W4385562549,Directed
W4408757728,W4385562549,Directed
W4404057519,W4385562549,Directed
W4406754405,W4385562549,Directed
W4409767605,W4385562549,Directed
W4401863706,W4385562549,Directed
W4402457704,W4385562549,Directed
W4406698707,W4385562549,Directed
W4399384924,W4385562549,Directed
W4411551853,W4385562549,Directed
W4406882309,W4385562549,Directed
W4413916631,W4385562549,Directed
W4415708147,W4385562549,Directed
W4412030659,W4385562549,Directed
W4405755619,W4385562549,Directed
W4407953121,W4385562549,Directed
W4413267850,W4385562549,Directed
W4410350640,W4385562549,Directed
W7125518225,W4385562549,Directed
W4399930913,W4385562549,Directed
W4399214196,W4385562549,Directed
W4401450595,W4385562549,Directed
W4394743995,W4385562549,Directed
W4403646794,W4385562549,Directed
W4406921713,W4385562549,Directed
W4396861092,W4385562549,Directed
W4402442714,W4385562549,Directed
W4402457779,W4385562549,Directed
W4403536418,W4385562549,Directed
W4403536900,W4385562549,Directed
W4411950659,W4385562549,Directed
W4402410232,W4385562549,Directed
W4415179152,W4385562549,Directed
W4399213673,W4385562549,Directed
W4410263438,W4385562549,Directed
W7123341831,W4385562549,Directed
W4405272481,W4385562549,Directed
W4415746277,W4385562549,Directed
W4402274917,W4385562549,Directed
W4412701947,W4385562549,Directed
W7134117706,W4385562549,Directed
W4401577050,W4385562549,Directed
W4411950584,W4385562549,Directed
W4412718956,W4385562549,Directed
W4413145264,W4385562549,Directed
W4411523013,W4385562549,Directed
W4412837195,W4385562549,Directed
W7117122399,W4385562549,Directed
W7118180304,W4385562549,Directed
W4408902671,W4385562549,Directed
W4389158415,W4385562549,Directed
W4390045011,W4385562549,Directed
W4403023619,W4385562549,Directed
W4404180552,W4385562549,Directed
W4402897129,W4385562549,Directed
W4406296273,W4385562549,Directed
W4407961382,W4385562549,Directed
W4400526379,W4385562549,Directed
W4402320497,W4385562549,Directed
W4405239633,W4385562549,Directed
W4407766864,W4385562549,Directed
W4409796840,W4385562549,Directed
W4413635683,W4385562549,Directed
W4393217463,W4385562549,Directed
W4398239273,W4385562549,Directed
W4399548847,W4385562549,Directed
W4411088305,W4385562549,Directed
W4412080213,W4385562549,Directed
W4412085449,W4385562549,Directed
W4417439109,W4385562549,Directed
W4417521460,W4385562549,Directed
W4409396503,W4385562549,Directed
W4410394327,W4385562549,Directed
W4410973806,W4385562549,Directed
W4411552407,W4385562549,Directed
W4411633308,W4385562549,Directed
W4412390717,W4385562549,Directed
W4414010390,W4385562549,Directed
W4414760858,W4385562549,Directed
W7125977933,W4385562549,Directed
W4408652593,W4385562549,Directed
W4412509650,W4385562549,Directed
W4414404881,W4385562549,Directed
W4416782361,W4385562549,Directed
W7118710013,W4385562549,Directed
W7125984739,W4385562549,Directed
W4401509476,W4385562549,Directed
W4403537047,W4385562549,Directed
W4410361283,W4385562549,Directed
W4415584167,W4385562549,Directed
W4413349688,W4385562549,Directed
W4409495287,W4385562549,Directed
W4411173132,W4385562549,Directed
W4411233265,W4385562549,Directed
W4416677382,W4385562549,Directed
W7123362423,W4385562549,Directed
W4393186263,W4385562549,Directed
W4403536514,W4385562549,Directed
W4403648112,W4385562549,Directed
W4410617238,W4385562549,Directed
W4411552165,W4385562549,Directed
W4411552428,W4385562549,Directed
W4413640018,W4385562549,Directed
W4401074154,W4385562549,Directed
W4391856088,W4385562549,Directed
W4396816799,W4385562549,Directed
W4409919295,W4385562549,Directed
W4410090047,W4385562549,Directed
W4410552982,W4385562549,Directed
W4411272397,W4385562549,Directed
W4414194739,W4385562549,Directed
W4414276228,W4385562549,Directed
W4414363390,W4385562549,Directed
W7125895518,W4385562549,Directed
W7130651357,W4385562549,Directed
W4404900300,W4385562549,Directed
W4411723934,W4385562549,Directed
W7154024916,W4385562549,Directed
W4398756661,W4385562549,Directed
W4401018288,W4385562549,Directed
W4403420766,W4385562549,Directed
W4404295467,W4385562549,Directed
W4404797794,W4385562549,Directed
W4407031081,W4385562549,Directed
W4407458225,W4385562549,Directed
W4408126845,W4385562549,Directed
W4409183151,W4385562549,Directed
W4409317867,W4385562549,Directed
W4409919754,W4385562549,Directed
W4410552843,W4385562549,Directed
W4410906412,W4385562549,Directed
W4411359997,W4385562549,Directed
W4411360052,W4385562549,Directed
W4411360072,W4385562549,Directed
W4411723933,W4385562549,Directed
W4412007124,W4385562549,Directed
W4412172429,W4385562549,Directed
W4412923665,W4385562549,Directed
W4413679659,W4385562549,Directed
W4414050786,W4385562549,Directed
W4414428062,W4385562549,Directed
W4414567901,W4385562549,Directed
W4414604409,W4385562549,Directed
W4414638936,W4385562549,Directed
W4414799837,W4385562549,Directed
W4414961336,W4385562549,Directed
W4415273800,W4385562549,Directed
W4415366884,W4385562549,Directed
W4415536702,W4385562549,Directed
W4415583255,W4385562549,Directed
W4415884081,W4385562549,Directed
W4415909386,W4385562549,Directed
W4416183241,W4385562549,Directed
W4416251386,W4385562549,Directed
W4416385801,W4385562549,Directed
W4416429599,W4385562549,Directed
W4416549271,W4385562549,Directed
W4416948354,W4385562549,Directed
W4417024505,W4385562549,Directed
W4417294366,W4385562549,Directed
W4417518432,W4385562549,Directed
W7103993747,W4385562549,Directed
W7109084896,W4385562549,Directed
W7117962911,W4385562549,Directed
W7118067677,W4385562549,Directed
W7123531251,W4385562549,Directed
W7124192601,W4385562549,Directed
W7124943402,W4385562549,Directed
W7125539193,W4385562549,Directed
W7125893667,W4385562549,Directed
W7125924498,W4385562549,Directed
W7125945617,W4385562549,Directed
W7125952837,W4385562549,Directed
W7125962807,W4385562549,Directed
W7125963704,W4385562549,Directed
W7125965674,W4385562549,Directed
W7128303530,W4385562549,Directed
W7129013692,W4385562549,Directed
W7131259406,W4385562549,Directed
W7131819773,W4385562549,Directed
W7134943433,W4385562549,Directed
W7140887005,W4385562549,Directed
W7149693434,W4385562549,Directed
W7152710873,W4385562549,Directed
W7154729999,W4385562549,Directed
W7156721765,W4385562549,Directed
W7160372684,W4385562549,Directed
W7161159003,W4385562549,Directed
W7161782075,W4385562549,Directed
W7161794309,W4385562549,Directed
W7162122862,W4385562549,Directed
W7162811052,W4385562549,Directed
W7163898875,W4385562549,Directed
W7165898600,W4385562549,Directed
W7166088663,W4385562549,Directed
W7166120532,W4385562549,Directed
W7166662038,W4385562549,Directed
W7166662328,W4385562549,Directed
W7166673611,W4385562549,Directed
W7166677828,W4385562549,Directed
W7166700877,W4385562549,Directed
W7167465800,W4385562549,Directed
W7167577537,W4385562549,Directed
W3186163009,W4312499740,Directed
W4399541501,W4312499740,Directed
W4392846083,W4312499740,Directed
W4407361106,W4312499740,Directed
W4401246937,W4312499740,Directed
W4287958219,W4312499740,Directed
W4410556555,W4312499740,Directed
W3193667465,W4312499740,Directed
W4396736162,W4312499740,Directed
W4388651564,W4312499740,Directed
W4401110617,W4312499740,Directed
W4392846225,W4312499740,Directed
W4410062705,W4312499740,Directed
W4410552705,W4312499740,Directed
W3113977900,W4312955539,Directed
W4388231068,W4312955539,Directed
W4313128691,W4312955539,Directed
W7161839543,W4312955539,Directed
W4401918843,W4380302094,Directed
W4399205533,W4380302094,Directed
W4399205800,W4380302094,Directed
W4388044632,W4380302094,Directed
W4403389840,W4380302094,Directed
W4414509797,W4380302094,Directed
W4399205168,W4380302094,Directed
W4388642630,W4380302094,Directed
W4399205969,W4380302094,Directed
W3154369429,W3034334126,Directed
W4393145703,W3034334126,Directed
W4226166857,W3034334126,Directed
W4210916416,W2964178568,Directed
W2950398529,W2964178568,Directed
W3128630349,W2964178568,Directed
W3195489344,W2964178568,Directed
W3187503080,W2964178568,Directed
W3018148192,W2964178568,Directed
W4402249527,W2964178568,Directed
W4401112323,W2964178568,Directed
W4380872517,W2964178568,Directed
W3119319039,W2964178568,Directed
W4409057815,W2964178568,Directed
W4413279526,W2964178568,Directed
W3046782112,W2964178568,Directed
W3174383901,W2964178568,Directed
W3204702407,W2964178568,Directed
W4282825004,W2964178568,Directed
W4313597868,W2964178568,Directed
W3018903015,W2964178568,Directed
W3161392142,W2964178568,Directed
W4382542851,W2964178568,Directed
W3164677999,W2964178568,Directed
W4205937723,W2964178568,Directed
W3206797642,W2964178568,Directed
W4391069645,W2964178568,Directed
W4389164251,W2964178568,Directed
W4387055315,W2964178568,Directed
W4403134121,W2964178568,Directed
W4321598177,W2964178568,Directed
W4401709324,W2964178568,Directed
W4414295350,W2964178568,Directed
W4211127680,W2964178568,Directed
W4365144424,W2964178568,Directed
W4292187375,W2964178568,Directed
W4388932257,W2964178568,Directed
W4399321151,W2964178568,Directed
W4403632912,W2964178568,Directed
W4362607436,W2964178568,Directed
W4409497269,W2964178568,Directed
W4296504865,W2964178568,Directed
W4394989995,W2964178568,Directed
W4406560988,W2964178568,Directed
W4412758166,W2964178568,Directed
W4413254337,W2964178568,Directed
W7117293928,W2964178568,Directed
W7117468070,W2964178568,Directed
W3176490725,W2964178568,Directed
W4386773830,W2964178568,Directed
W3208736825,W2964178568,Directed
W4224882562,W2964178568,Directed
W4313256760,W2964178568,Directed
W4313010265,W2964178568,Directed
W7105699676,W2964178568,Directed
W3188431831,W2964178568,Directed
W4212989752,W2964178568,Directed
W4280634249,W2964178568,Directed
W4389138047,W2964178568,Directed
W4390061458,W2964178568,Directed
W3088096464,W2964178568,Directed
W4225537605,W2964178568,Directed
W4386827395,W2964178568,Directed
W3170243566,W2964178568,Directed
W4205161801,W2964178568,Directed
W4213083253,W2964178568,Directed
W4213151267,W2964178568,Directed
W4284898171,W2964178568,Directed
W4294844423,W2964178568,Directed
W4377723613,W2964178568,Directed
W4384932488,W2964178568,Directed
W4400008134,W2964178568,Directed
W4404676273,W2964178568,Directed
W4407804853,W2964178568,Directed
W4414886479,W2964178568,Directed
W4417198931,W2964178568,Directed
W7158218752,W2964178568,Directed
W7160616224,W2964178568,Directed
W3196540044,W3093688662,Directed
W4407416402,W3093688662,Directed
W4387329333,W4312444981,Directed
W3208876354,W4312444981,Directed
W4384830676,W4312444981,Directed
W4415256669,W4312444981,Directed
W4313060808,W4312444981,Directed
W4387328683,W4312444981,Directed
W4366549019,W4312444981,Directed
W4378505222,W4312444981,Directed
W4387344944,W4312444981,Directed
W4404173622,W4312444981,Directed
W4404173116,W4312444981,Directed
W4366986833,W4312444981,Directed
W4404172118,W4312444981,Directed
W4410049701,W4312444981,Directed
W4407423776,W4312444981,Directed
W4412585381,W4312444981,Directed
W4308426173,W4312444981,Directed
W4406466030,W4312444981,Directed
W4410061305,W4312444981,Directed
W4409750005,W4312444981,Directed
W4396833448,W4312444981,Directed
W4410486504,W4312444981,Directed
W4388470230,W4312444981,Directed
W4385486505,W4312444981,Directed
W7154176459,W4312444981,Directed
W4405630719,W4312444981,Directed
W4415257634,W4312444981,Directed
W7134254507,W4312444981,Directed
W7148017285,W4312444981,Directed
W7161778047,W4312444981,Directed
W4403499489,W4380302074,Directed
W4403724445,W4380302074,Directed
W4389518984,W4380302074,Directed
W4399205506,W4380302074,Directed
W4390623521,W4380302074,Directed
W4390623706,W4380302074,Directed
W4391126672,W4380302074,Directed
W4417535499,W4380302074,Directed
W7128203805,W4380302074,Directed
W4385800687,W4387846231,Directed
W4402809225,W4387846231,Directed
W4405436672,W4387846231,Directed
W4408860092,W4387846231,Directed
W4407856985,W4387846231,Directed
W4407129838,W4387846231,Directed
W4409262394,W4387846231,Directed
W4408897703,W4387846231,Directed
W4403792304,W4387846231,Directed
W4406955309,W4387846231,Directed
W4405553570,W4387846231,Directed
W4414938646,W4387846231,Directed
W4415503864,W4387846231,Directed
W7129622411,W4387846231,Directed
W7151729882,W4387846231,Directed
W7155167715,W4387846231,Directed
W7160197270,W4387846231,Directed
W4313131742,W3094422017,Directed
W4407416402,W3094422017,Directed
W3203673500,W3094422017,Directed
W4388144156,W3094422017,Directed
W4281625061,W3094422017,Directed
W4401282849,W3094422017,Directed
W4313025028,W3094422017,Directed
W4379373342,W3094422017,Directed
W7167497151,W3094422017,Directed
W4403577881,W4383175703,Directed
W4408862671,W4383175703,Directed
W4411447244,W4383175703,Directed
W7123342175,W4383175703,Directed
W4402685935,W4401863235,Directed
W4414110747,W4401863235,Directed
W4409736036,W4401863235,Directed
W4404242983,W4401863235,Directed
W4404542346,W4401863235,Directed
W4414898522,W4401863235,Directed
W4416532742,W4401863235,Directed
W7134186231,W4401863235,Directed
W7140092400,W4401863235,Directed
W7148541929,W4401863235,Directed
W2777376987,W2536435413,Directed
W2911737959,W2536435413,Directed
W4207027892,W2536435413,Directed
W4406245451,W2536435413,Directed
W2580919710,W2536435413,Directed
W2774759251,W2536435413,Directed
W3117977211,W2536435413,Directed
W2572926935,W2536435413,Directed
W2620881901,W2536435413,Directed
W2808450271,W2536435413,Directed
W2996104207,W2536435413,Directed
W4322096711,W2536435413,Directed
W2949330231,W2536435413,Directed
W2994088922,W2536435413,Directed
W4397022293,W4385825800,Directed
W4397029679,W4385825800,Directed
W4396758735,W4385825800,Directed
W4411450432,W4385825800,Directed
W4409671054,W4385825800,Directed
W4416017607,W4385825800,Directed
W4221141719,W4385825800,Directed
W7162464606,W4385825800,Directed
W4416017202,W4412877063,Directed
W4392637261,W2989049020,Directed
W4210932176,W2989049020,Directed
W3092464195,W2989049020,Directed
W3215821705,W2989049020,Directed
W7139112295,W4416017184,Directed
W4413251915,W4399205202,Directed
W4403745493,W4401856727,Directed
W4413350072,W4401856727,Directed
W7117115986,W4401856727,Directed
W4412876935,W4401856727,Directed
W7140499297,W4401856727,Directed
W7166536446,W4401856727,Directed
W4403577758,W4403577758,Directed
W4413973334,W4403577402,Directed
W4413182105,W4403577402,Directed
W7140237964,W4403577402,Directed
W7155077060,W4403577402,Directed
W2742330194,W621249151,Directed
W3031781733,W621249151,Directed
W4288079542,W621249151,Directed
W2925285378,W621249151,Directed
W2945928904,W621249151,Directed
W3119962516,W621249151,Directed
W2977886427,W621249151,Directed
W3196268181,W621249151,Directed
W2788708648,W621249151,Directed
W3089703818,W621249151,Directed
W2784117065,W621249151,Directed
W3148001275,W621249151,Directed
W2810806782,W621249151,Directed
W3032474305,W621249151,Directed
W3169823389,W621249151,Directed
W2970716846,W621249151,Directed
W3049488969,W621249151,Directed
W4307907065,W621249151,Directed
W2493475353,W621249151,Directed
W3115311952,W621249151,Directed
W4294653793,W621249151,Directed
W3127071205,W621249151,Directed
W3124863924,W621249151,Directed
W2899024559,W621249151,Directed
W2798818974,W621249151,Directed
W3003836855,W621249151,Directed
W2954365773,W621249151,Directed
W2887356313,W621249151,Directed
W2903782735,W621249151,Directed
W2946364534,W621249151,Directed
W2973131549,W621249151,Directed
W3163078977,W621249151,Directed
W3176457774,W621249151,Directed
W3168293258,W621249151,Directed
W2807490770,W621249151,Directed
W2980838074,W621249151,Directed
W3123437755,W621249151,Directed
W2770124763,W621249151,Directed
W2588172982,W621249151,Directed
W3147509388,W621249151,Directed
W4309635352,W621249151,Directed
W4368340926,W621249151,Directed
W3166931231,W621249151,Directed
W4385969476,W621249151,Directed
W3030648110,W621249151,Directed
W2997613188,W621249151,Directed
W3080732897,W621249151,Directed
W3036840722,W621249151,Directed
W3206992295,W621249151,Directed
W4221078457,W621249151,Directed
W4226514492,W621249151,Directed
W3132223950,W621249151,Directed
W4361220134,W621249151,Directed
W3142258528,W621249151,Directed
W4391751718,W621249151,Directed
W4294204353,W621249151,Directed
W4406070280,W621249151,Directed
W4386420896,W621249151,Directed
W4406421219,W621249151,Directed
W4383340173,W621249151,Directed
W4404106352,W621249151,Directed
W4399978844,W621249151,Directed
W4399199322,W621249151,Directed
W3200076410,W621249151,Directed
W3157826390,W621249151,Directed
W3038076267,W621249151,Directed
W2980267532,W621249151,Directed
W3015935667,W621249151,Directed
W3017345526,W621249151,Directed
W3181197491,W621249151,Directed
W1834520270,W621249151,Directed
W3008373232,W621249151,Directed
W3196618497,W621249151,Directed
W3007942474,W621249151,Directed
W4225891352,W621249151,Directed
W2794685318,W621249151,Directed
W3028996368,W621249151,Directed
W2910840873,W621249151,Directed
W3130226768,W621249151,Directed
W4282569412,W621249151,Directed
W3176511517,W621249151,Directed
W4320011812,W621249151,Directed
W3183400535,W621249151,Directed
W3163552457,W621249151,Directed
W4200294922,W621249151,Directed
W4224235982,W621249151,Directed
W4307257973,W621249151,Directed
W2962482976,W621249151,Directed
W4281770633,W621249151,Directed
W4389262624,W621249151,Directed
W3195559412,W621249151,Directed
W3030506520,W621249151,Directed
W4378418537,W621249151,Directed
W2901377436,W621249151,Directed
W4206839153,W621249151,Directed
W3001517742,W621249151,Directed
W4400911129,W621249151,Directed
W4399205161,W621249151,Directed
W4412872198,W621249151,Directed
W4416932682,W621249151,Directed
W2798834888,W621249151,Directed
W2903901453,W621249151,Directed
W2565867633,W621249151,Directed
W3201349996,W621249151,Directed
W2519997155,W621249151,Directed
W4327498760,W621249151,Directed
W2471035142,W621249151,Directed
W3003270809,W621249151,Directed
W3216259475,W621249151,Directed
W3119499234,W621249151,Directed
W3131911579,W621249151,Directed
W2810056469,W621249151,Directed
W3134365895,W621249151,Directed
W3209058819,W621249151,Directed
W4220756189,W621249151,Directed
W4285226597,W621249151,Directed
W2772603380,W621249151,Directed
W3194475466,W621249151,Directed
W4386882885,W621249151,Directed
W2979811212,W621249151,Directed
W3174270362,W621249151,Directed
W4389205683,W621249151,Directed
W4282833194,W621249151,Directed
W4405778526,W621249151,Directed
W4376167053,W621249151,Directed
W4319319102,W621249151,Directed
W4391622704,W621249151,Directed
W4319793949,W621249151,Directed
W4400878910,W621249151,Directed
W4409214370,W621249151,Directed
W4412747823,W621249151,Directed
W2897046312,W621249151,Directed
W3043538023,W621249151,Directed
W3082303801,W621249151,Directed
W3137353858,W621249151,Directed
W3179373019,W621249151,Directed
W3092487020,W621249151,Directed
W4234744491,W621249151,Directed
W2986012893,W621249151,Directed
W3003770309,W621249151,Directed
W4384304007,W621249151,Directed
W4392981297,W621249151,Directed
W3175088767,W621249151,Directed
W3041489507,W621249151,Directed
W3094502745,W621249151,Directed
W2969729591,W621249151,Directed
W3011802976,W621249151,Directed
W3199982361,W621249151,Directed
W4380632072,W621249151,Directed
W2739413978,W621249151,Directed
W2959745657,W621249151,Directed
W3153638464,W621249151,Directed
W3210341484,W621249151,Directed
W4220682207,W621249151,Directed
W2999949827,W621249151,Directed
W3206125745,W621249151,Directed
W4404584945,W621249151,Directed
W3103320961,W621249151,Directed
W3136578863,W621249151,Directed
W4200138526,W621249151,Directed
W4310125689,W621249151,Directed
W4324009298,W621249151,Directed
W4402754299,W621249151,Directed
W4407129685,W621249151,Directed
W3159842010,W621249151,Directed
W2746041052,W621249151,Directed
W3153251237,W621249151,Directed
W3196785643,W621249151,Directed
W4223487902,W621249151,Directed
W2996194268,W621249151,Directed
W3119032040,W621249151,Directed
W3204648036,W621249151,Directed
W4225894773,W621249151,Directed
W4364301868,W621249151,Directed
W2988530041,W621249151,Directed
W3125491592,W621249151,Directed
W2899204128,W621249151,Directed
W2891453035,W621249151,Directed
W2799165947,W621249151,Directed
W2778250944,W621249151,Directed
W2949397667,W621249151,Directed
W3090760060,W621249151,Directed
W4214733302,W621249151,Directed
W2797652359,W621249151,Directed
W2987566577,W621249151,Directed
W3017171819,W621249151,Directed
W2927732725,W621249151,Directed
W3163040778,W621249151,Directed
W3212788180,W621249151,Directed
W4297904282,W621249151,Directed
W3100340842,W621249151,Directed
W3196148703,W621249151,Directed
W4319319119,W621249151,Directed
W4240999606,W621249151,Directed
W2971911738,W621249151,Directed
W2951592901,W621249151,Directed
W3044253012,W621249151,Directed
W3084177949,W621249151,Directed
W2785200186,W621249151,Directed
W3166650478,W621249151,Directed
W2745939859,W621249151,Directed
W3043508177,W621249151,Directed
W3091864705,W621249151,Directed
W3165394347,W621249151,Directed
W3196593776,W621249151,Directed
W3088627534,W621249151,Directed
W2950035676,W621249151,Directed
W2989620755,W621249151,Directed
W3168031262,W621249151,Directed
W4293828469,W621249151,Directed
W4387174114,W621249151,Directed
W4388276239,W621249151,Directed
W2587811208,W621249151,Directed
W2883734539,W621249151,Directed
W2898241237,W621249151,Directed
W2965969515,W621249151,Directed
W2975803941,W621249151,Directed
W2976536188,W621249151,Directed
W3014745337,W621249151,Directed
W3154707484,W621249151,Directed
W3195521551,W621249151,Directed
W3204122037,W621249151,Directed
W4206285348,W621249151,Directed
W4206570597,W621249151,Directed
W4285620351,W621249151,Directed
W4318220071,W621249151,Directed
W4323790395,W621249151,Directed
W4367591257,W621249151,Directed
W4385196018,W621249151,Directed
W4385734241,W621249151,Directed
W4389518959,W621249151,Directed
W4393021548,W621249151,Directed
W4399041202,W621249151,Directed
W4403893668,W621249151,Directed
W4404376895,W621249151,Directed
W4406946122,W621249151,Directed
W4408488492,W621249151,Directed
W4409626510,W621249151,Directed
W4412687854,W621249151,Directed
W4414008327,W621249151,Directed
W4416252385,W621249151,Directed
W7124857033,W621249151,Directed
W7125961013,W621249151,Directed
W7127652137,W621249151,Directed
W7160875077,W621249151,Directed
W7164841740,W621249151,Directed
W7167362258,W621249151,Directed
W7125677789,W4416017140,Directed
W3197521018,W3003044879,Directed
W4309347841,W3003044879,Directed
W4281476184,W3003044879,Directed
W4387017524,W3003044879,Directed
W4391759383,W3003044879,Directed
W4290851503,W3003044879,Directed
W3202317157,W3003044879,Directed
W3094044550,W3003044879,Directed
W4323314889,W3003044879,Directed
W3215212169,W3003044879,Directed
W4386858886,W3003044879,Directed
W3199312281,W3003044879,Directed
W4380047907,W3003044879,Directed
W4312673707,W3003044879,Directed
W4399205226,W3003044879,Directed
W4392942520,W3003044879,Directed
W4411331351,W3003044879,Directed
W7131675617,W3003044879,Directed
W3152944792,W3003044879,Directed
W3166126598,W3003044879,Directed
W3209154275,W3003044879,Directed
W4382795601,W3003044879,Directed
W4388654645,W3003044879,Directed
W4406781101,W3003044879,Directed
W4411549756,W3003044879,Directed
W4404721958,W3003044879,Directed
W4409149710,W3003044879,Directed
W4400209781,W3003044879,Directed
W4309739393,W3003044879,Directed
W3161393114,W3003044879,Directed
W3199936256,W3003044879,Directed
W4312839192,W3003044879,Directed
W4400084938,W3003044879,Directed
W4372265738,W3003044879,Directed
W4285357703,W3003044879,Directed
W4387806988,W3003044879,Directed
W4386901468,W3003044879,Directed
W4391759500,W3003044879,Directed
W4399205774,W3003044879,Directed
W4411784653,W3003044879,Directed
W3093781635,W3003044879,Directed
W3211871676,W3003044879,Directed
W4226406312,W3003044879,Directed
W4281754874,W3003044879,Directed
W4384154495,W3003044879,Directed
W4399605442,W3003044879,Directed
W4404933266,W3003044879,Directed
W4411255526,W3003044879,Directed
W4411784552,W3003044879,Directed
W4415695813,W3003044879,Directed
W4416744782,W3003044879,Directed
W4416962106,W3003044879,Directed
W7123787951,W3003044879,Directed
W7134173419,W3003044879,Directed
W4412046196,W4399205174,Directed
W4402230558,W4399205174,Directed
W4404565057,W4399205174,Directed
W4409333269,W4412876880,Directed
W7160161808,W4412876880,Directed
W4417013504,W4412876880,Directed
W7110411204,W4412876880,Directed
W7133975554,W4412876880,Directed
W7154892651,W4412876880,Directed
W7166305899,W4412876880,Directed
W4383993482,W4292419518,Directed
W4319653664,W4292419518,Directed
W4367047389,W4292419518,Directed
W4319792126,W4292419518,Directed
W4367310822,W4292419518,Directed
W4384828482,W4292419518,Directed
W4394973476,W4292419518,Directed
W4400524646,W4292419518,Directed
W4406847088,W4292419518,Directed
W4416018074,W4292419518,Directed
W4385965604,W4292419518,Directed
W4385568052,W4292419518,Directed
W4387846403,W4292419518,Directed
W4379914435,W4292419518,Directed
W4390691134,W4292419518,Directed
W4400703289,W4292419518,Directed
W4386251372,W4292419518,Directed
W4387846482,W4292419518,Directed
W4403578191,W4292419518,Directed
W4410088856,W4292419518,Directed
W4401864223,W4292419518,Directed
W4395008914,W4292419518,Directed
W4400528915,W4292419518,Directed
W4401863381,W4292419518,Directed
W4401863542,W4292419518,Directed
W4403577345,W4292419518,Directed
W4409157944,W4292419518,Directed
W4391376794,W4292419518,Directed
W4404837305,W4292419518,Directed
W4401994540,W4292419518,Directed
W4403577822,W4292419518,Directed
W4403220480,W4292419518,Directed
W4412826001,W4292419518,Directed
W4406264073,W4292419518,Directed
W4416017328,W4292419518,Directed
W4385567542,W4292419518,Directed
W4367310113,W4292419518,Directed
W4388367992,W4292419518,Directed
W4392384765,W4292419518,Directed
W4401864348,W4292419518,Directed
W4403219679,W4292419518,Directed
W4403221496,W4292419518,Directed
W4392612244,W4292419518,Directed
W4409657161,W4292419518,Directed
W4403577788,W4292419518,Directed
W4410714670,W4292419518,Directed
W4414035058,W4292419518,Directed
W4409149648,W4292419518,Directed
W4413979793,W4292419518,Directed
W4414514056,W4292419518,Directed
W4416017474,W4292419518,Directed
W4416017491,W4292419518,Directed
W4384625752,W4292419518,Directed
W4412825889,W4292419518,Directed
W4404193850,W4292419518,Directed
W4407558749,W4292419518,Directed
W4414014630,W4292419518,Directed
W4414035002,W4292419518,Directed
W4415623814,W4292419518,Directed
W7126035201,W4292419518,Directed
W4391484916,W4292419518,Directed
W4393153259,W4292419518,Directed
W4402350851,W4292419518,Directed
W4403582482,W4292419518,Directed
W4407832350,W4292419518,Directed
W4388670246,W4292419518,Directed
W4399115321,W4292419518,Directed
W4405363859,W4292419518,Directed
W4406458697,W4292419518,Directed
W4406975382,W4292419518,Directed
W4407832103,W4292419518,Directed
W4409002446,W4292419518,Directed
W4409158181,W4292419518,Directed
W4409657183,W4292419518,Directed
W4409884320,W4292419518,Directed
W4412876819,W4292419518,Directed
W4396843828,W4292419518,Directed
W4401857452,W4292419518,Directed
W4402951843,W4292419518,Directed
W4403582618,W4292419518,Directed
W4404844443,W4292419518,Directed
W4407021124,W4292419518,Directed
W4409657345,W4292419518,Directed
W4409858584,W4292419518,Directed
W4410772121,W4292419518,Directed
W4411550017,W4292419518,Directed
W4411550039,W4292419518,Directed
W4411636413,W4292419518,Directed
W4412377793,W4292419518,Directed
W4412377812,W4292419518,Directed
W4413156349,W4292419518,Directed
W4414034908,W4292419518,Directed
W4414544585,W4292419518,Directed
W4415539141,W4292419518,Directed
W4415539993,W4292419518,Directed
W4416016501,W4292419518,Directed
W4416016559,W4292419518,Directed
W4416078509,W4292419518,Directed
W7117157942,W4292419518,Directed
W7117548760,W4292419518,Directed
W7118026309,W4292419518,Directed
W7126069363,W4292419518,Directed
W7127082602,W4292419518,Directed
W7129027825,W4292419518,Directed
W7131389384,W4292419518,Directed
W7134184301,W4292419518,Directed
W7134945550,W4292419518,Directed
W7140272616,W4292419518,Directed
W7152470887,W4292419518,Directed
W7152513710,W4292419518,Directed
W7155826401,W4292419518,Directed
W7160637442,W4292419518,Directed
W7161151192,W4292419518,Directed
W7162852866,W4292419518,Directed
W7163756690,W4292419518,Directed
W7165628713,W4292419518,Directed
W7165637891,W4292419518,Directed
W3199018466,W3018696946,Directed
W4307091486,W3018696946,Directed
W3200796517,W3018696946,Directed
W4312158512,W3018696946,Directed
W4226263955,W3018696946,Directed
W4390873989,W3018696946,Directed
W3211142893,W3018696946,Directed
W4285195691,W3018696946,Directed
W4392343170,W3018696946,Directed
W4220835136,W3018696946,Directed
W4287832310,W3018696946,Directed
W4321794010,W3018696946,Directed
W4391696918,W3018696946,Directed
W4407976765,W3018696946,Directed
W4392671466,W3018696946,Directed
W4393054712,W3018696946,Directed
W4402047531,W3018696946,Directed
W4405258075,W3018696946,Directed
W4405259620,W3018696946,Directed
W4401892524,W3018696946,Directed
W4284698238,W3018696946,Directed
W3198043032,W3018696946,Directed
W4324355422,W3018696946,Directed
W4405855568,W3018696946,Directed
W4413276304,W3018696946,Directed
W4320063143,W3018696946,Directed
W4312880644,W3018696946,Directed
W4385236511,W3018696946,Directed
W4415372149,W3018696946,Directed
W4408352801,W3018696946,Directed
W3203619143,W3018696946,Directed
W4390617440,W3018696946,Directed
W3199311891,W3018696946,Directed
W4296437286,W3018696946,Directed
W4396955767,W3018696946,Directed
W4404640751,W3018696946,Directed
W4406461528,W3018696946,Directed
W4317496096,W3018696946,Directed
W4226406360,W3018696946,Directed
W3199723153,W3018696946,Directed
W4390066993,W3018696946,Directed
W4394585993,W3018696946,Directed
W4404180072,W3018696946,Directed
W4404524982,W3018696946,Directed
W4408155575,W3018696946,Directed
W4413778139,W3018696946,Directed
W4413882259,W3018696946,Directed
W4416748681,W3018696946,Directed
W7160382100,W3018696946,Directed
W4416017202,W4412876875,Directed
W7152635356,W4412876875,Directed
W4213147383,W3175498457,Directed
W3197022418,W3175498457,Directed
W3176405886,W3175498457,Directed
W4282982824,W3175498457,Directed
W4390547902,W3175498457,Directed
W4384828840,W3175498457,Directed
W4380301730,W3175498457,Directed
W4365458124,W3175498457,Directed
W4384821779,W3175498457,Directed
W4324298641,W3175498457,Directed
W4401863527,W3175498457,Directed
W4401415327,W3175498457,Directed
W4391925527,W3175498457,Directed
W4410740633,W3175498457,Directed
W4409468609,W3175498457,Directed
W4395669343,W3175498457,Directed
W4408100147,W3175498457,Directed
W4403810023,W3175498457,Directed
W4408357845,W3175498457,Directed
W4410737890,W3175498457,Directed
W4213446467,W3175498457,Directed
W4312181988,W3175498457,Directed
W4385571401,W3175498457,Directed
W4367047167,W3175498457,Directed
W4291366411,W3175498457,Directed
W4392384396,W3175498457,Directed
W4396843804,W3175498457,Directed
W4281631069,W3175498457,Directed
W4392965060,W3175498457,Directed
W4309620173,W3175498457,Directed
W4392943441,W3175498457,Directed
W4401072559,W3175498457,Directed
W4385626821,W3175498457,Directed
W4399452222,W3175498457,Directed
W4388185949,W3175498457,Directed
W4392135837,W3175498457,Directed
W4394828349,W3175498457,Directed
W4393158667,W3175498457,Directed
W4400579203,W3175498457,Directed
W4411273969,W3175498457,Directed
W4386798394,W3175498457,Directed
W4406690279,W3175498457,Directed
W4408283715,W3175498457,Directed
W4408762446,W3175498457,Directed
W4396909917,W3175498457,Directed
W4390049880,W3175498457,Directed
W4361267866,W3175498457,Directed
W4409670788,W3175498457,Directed
W4413912068,W3175498457,Directed
W4414603087,W3175498457,Directed
W4409957993,W3175498457,Directed
W4414252393,W3175498457,Directed
W4312863188,W3175498457,Directed
W4389523769,W3175498457,Directed
W4297143906,W3175498457,Directed
W4387623797,W3175498457,Directed
W4283156682,W3175498457,Directed
W4404967129,W3175498457,Directed
W4408564436,W3175498457,Directed
W4396229148,W3175498457,Directed
W4399075442,W3175498457,Directed
W4405103738,W3175498457,Directed
W4385387978,W3175498457,Directed
W4402986765,W3175498457,Directed
W4404222272,W3175498457,Directed
W4412825727,W3175498457,Directed
W4413319080,W3175498457,Directed
W4414538224,W3175498457,Directed
W4393114572,W3175498457,Directed
W4404494439,W3175498457,Directed
W4408352336,W3175498457,Directed
W4411635405,W3175498457,Directed
W4416707433,W3175498457,Directed
W7124741446,W3175498457,Directed
W7127042783,W3175498457,Directed
W4312840876,W3175498457,Directed
W4320029458,W3175498457,Directed
W4313069416,W3175498457,Directed
W4394712297,W3175498457,Directed
W4387883764,W3175498457,Directed
W4283447207,W3175498457,Directed
W4409657566,W3175498457,Directed
W4412094250,W3175498457,Directed
W4402896565,W3175498457,Directed
W4408355193,W3175498457,Directed
W4413886774,W3175498457,Directed
W4415191042,W3175498457,Directed
W7116680624,W3175498457,Directed
W4382406504,W3175498457,Directed
W4386119437,W3175498457,Directed
W4362564564,W3175498457,Directed
W4386160441,W3175498457,Directed
W4402854124,W3175498457,Directed
W4315750496,W3175498457,Directed
W4388084670,W3175498457,Directed
W4390905985,W3175498457,Directed
W4400126473,W3175498457,Directed
W4403613049,W3175498457,Directed
W4405720533,W3175498457,Directed
W4323780390,W3175498457,Directed
W4296613186,W3175498457,Directed
W4387005509,W3175498457,Directed
W4392017822,W3175498457,Directed
W4386973038,W3175498457,Directed
W4398173684,W3175498457,Directed
W4401209835,W3175498457,Directed
W4401582128,W3175498457,Directed
W4401906743,W3175498457,Directed
W4402571318,W3175498457,Directed
W4404115790,W3175498457,Directed
W4409158393,W3175498457,Directed
W4410041982,W3175498457,Directed
W4410087418,W3175498457,Directed
W4410087700,W3175498457,Directed
W4410636646,W3175498457,Directed
W4412377240,W3175498457,Directed
W4413360813,W3175498457,Directed
W4380788022,W3175498457,Directed
W3175889867,W3175498457,Directed
W4220783355,W3175498457,Directed
W4388938576,W3175498457,Directed
W4399126106,W3175498457,Directed
W4292388516,W3175498457,Directed
W4317555349,W3175498457,Directed
W4367679552,W3175498457,Directed
W4380786446,W3175498457,Directed
W4388761591,W3175498457,Directed
W4389722297,W3175498457,Directed
W4389798878,W3175498457,Directed
W4389979732,W3175498457,Directed
W4392368621,W3175498457,Directed
W4392902993,W3175498457,Directed
W4394014626,W3175498457,Directed
W4395083404,W3175498457,Directed
W4400922084,W3175498457,Directed
W4401721479,W3175498457,Directed
W4403022021,W3175498457,Directed
W4403023482,W3175498457,Directed
W4404400106,W3175498457,Directed
W4404914619,W3175498457,Directed
W4405803614,W3175498457,Directed
W4406800101,W3175498457,Directed
W4407360154,W3175498457,Directed
W4408793978,W3175498457,Directed
W4409239405,W3175498457,Directed
W4410148839,W3175498457,Directed
W4410148848,W3175498457,Directed
W4410160046,W3175498457,Directed
W4410231152,W3175498457,Directed
W4410552065,W3175498457,Directed
W4411020756,W3175498457,Directed
W4411143695,W3175498457,Directed
W4411272118,W3175498457,Directed
W4411384542,W3175498457,Directed
W4412055307,W3175498457,Directed
W4412610579,W3175498457,Directed
W4412610697,W3175498457,Directed
W4412656946,W3175498457,Directed
W4412875462,W3175498457,Directed
W4412932906,W3175498457,Directed
W4413228075,W3175498457,Directed
W4414798934,W3175498457,Directed
W4415709732,W3175498457,Directed
W4416018045,W3175498457,Directed
W4416509740,W3175498457,Directed
W4417226581,W3175498457,Directed
W7117988995,W3175498457,Directed
W7127444902,W3175498457,Directed
W7128537015,W3175498457,Directed
W7129288513,W3175498457,Directed
W7130459154,W3175498457,Directed
W7130567894,W3175498457,Directed
W7134171447,W3175498457,Directed
W7152607235,W3175498457,Directed
W7154299305,W3175498457,Directed
W7154370713,W3175498457,Directed
W7160281576,W3175498457,Directed
W7163823100,W3175498457,Directed
W7166340432,W3175498457,Directed
W7167028983,W3175498457,Directed
W4412623423,W4412877147,Directed
W4414243417,W4412877147,Directed
W4415138906,W4412877147,Directed
W7125607357,W4412877147,Directed
W7141023483,W4412877147,Directed
W7159781821,W4412877147,Directed
W7160128343,W4412877147,Directed
W7160661995,W4412877147,Directed
W7161574483,W4412877147,Directed
W7161997792,W4412877147,Directed
W7162452593,W4412877147,Directed
W4386099943,W4312494946,Directed
W4389520128,W4312494946,Directed
W4412678729,W4312494946,Directed
W4398756419,W4312494946,Directed
W4380632072,W4312494946,Directed
W4306885148,W4312494946,Directed
W4378603553,W4312494946,Directed
W4388937331,W4312494946,Directed
W4414008327,W4312494946,Directed
W4415721214,W4312494946,Directed
W4414249039,W4399205774,Directed
W3198897329,W3175294292,Directed
W3150521545,W3175294292,Directed
W4387344566,W3175294292,Directed
W3174020389,W3175294292,Directed
W4385766704,W3175294292,Directed
W4404696607,W3175294292,Directed
W4389518355,W3175294292,Directed
W4409411815,W3175294292,Directed
W4284693641,W3175294292,Directed
W4327546545,W3175294292,Directed
W4366957355,W3175294292,Directed
W4367047421,W3175294292,Directed
W4389520687,W3175294292,Directed
W4407405944,W3175294292,Directed
W4312925207,W3175294292,Directed
W4402459890,W3175294292,Directed
W4380302068,W3175294292,Directed
W4394734041,W3175294292,Directed
W4394859449,W3175294292,Directed
W4400019895,W3175294292,Directed
W4392008085,W3175294292,Directed
W4401324062,W3175294292,Directed
W4411927557,W3175294292,Directed
W4406245451,W3175294292,Directed
W4403545831,W3175294292,Directed
W4409657366,W3175294292,Directed
W4410278917,W3175294292,Directed
W4416183668,W3175294292,Directed
W3216770425,W3175294292,Directed
W4300101319,W3175294292,Directed
W4385573470,W3175294292,Directed
W4391842084,W3175294292,Directed
W4393157818,W3175294292,Directed
W4410601021,W3175294292,Directed
W4412683990,W3175294292,Directed
W4415598692,W3175294292,Directed
W4410896985,W3175294292,Directed
W4414497975,W3175294292,Directed
W4389933770,W3175294292,Directed
W4400416032,W3175294292,Directed
W4414072725,W3175294292,Directed
W4389520116,W3175294292,Directed
W4285065277,W3175294292,Directed
W4395677062,W3175294292,Directed
W4400976725,W3175294292,Directed
W4321511576,W3175294292,Directed
W4385567154,W3175294292,Directed
W4387211671,W3175294292,Directed
W4225797039,W3175294292,Directed
W4361994620,W3175294292,Directed
W4381481361,W3175294292,Directed
W4386503675,W3175294292,Directed
W4389519001,W3175294292,Directed
W4396988311,W3175294292,Directed
W4399275783,W3175294292,Directed
W4401407806,W3175294292,Directed
W4408039349,W3175294292,Directed
W4410065220,W3175294292,Directed
W4410277234,W3175294292,Directed
W4412660115,W3175294292,Directed
W4412843029,W3175294292,Directed
W4416078568,W3175294292,Directed
W4416183502,W3175294292,Directed
W7125897855,W3175294292,Directed
W7127345469,W3175294292,Directed
W7133520783,W3175294292,Directed
W7140205117,W3175294292,Directed
W7140745577,W3175294292,Directed
W7151522208,W3175294292,Directed
W7152479608,W3175294292,Directed
W7163207428,W3175294292,Directed
W7163586543,W3175294292,Directed
W7167732338,W3175294292,Directed
W7153986780,W4411121011,Directed
W4414833897,W4411121011,Directed
W7152607235,W4416018112,Directed
W7154970263,W4416018112,Directed
W4402702988,W4290927927,Directed
W4402422296,W4290927927,Directed
W4385991166,W4290927927,Directed
W4288043960,W4290927927,Directed
W4414241920,W4290927927,Directed
W4417470555,W4290927927,Directed
W4411543975,W4290927927,Directed
W4386008071,W4290927927,Directed
W4385990930,W4290927927,Directed
W4385982317,W4290927927,Directed
W4393160827,W4290927927,Directed
W4402422259,W4290927927,Directed
W4403303654,W4290927927,Directed
W4392926970,W4290927927,Directed
W4402716077,W4290927927,Directed
W4408808198,W4290927927,Directed
W4401863364,W4290927927,Directed
W4402430708,W4290927927,Directed
W4385732587,W4290927927,Directed
W4385990956,W4290927927,Directed
W4410768297,W4290927927,Directed
W4414008927,W4290927927,Directed
W4385990977,W4290927927,Directed
W4385990935,W4290927927,Directed
W4394625591,W4290927927,Directed
W4385990899,W4290927927,Directed
W4399322952,W4290927927,Directed
W4402343060,W4290927927,Directed
W4393161306,W4290927927,Directed
W4402403159,W4290927927,Directed
W4402419333,W4290927927,Directed
W4403331439,W4290927927,Directed
W4403792332,W4290927927,Directed
W4412778092,W4290927927,Directed
W4414595674,W4290927927,Directed
W4411691984,W4290927927,Directed
W4412687388,W4290927927,Directed
W4414637472,W4290927927,Directed
W4394593143,W4290927927,Directed
W4389524558,W4290927927,Directed
W4385298676,W4290927927,Directed
W4391093424,W4290927927,Directed
W4414054684,W4290927927,Directed
W4414595661,W4290927927,Directed
W4415524367,W4290927927,Directed
W4417132706,W4290927927,Directed
W7131085491,W4290927927,Directed
W4392669796,W4290927927,Directed
W4396553342,W4290927927,Directed
W4376166979,W4290927927,Directed
W4403781475,W4290927927,Directed
W4390806508,W4290927927,Directed
W4404282101,W4290927927,Directed
W4401224829,W4290927927,Directed
W4402335483,W4290927927,Directed
W4402335756,W4290927927,Directed
W4402422328,W4290927927,Directed
W4413917172,W4290927927,Directed
W4414257128,W4290927927,Directed
W4414769843,W4290927927,Directed
W4360985649,W4290927927,Directed
W4367859758,W4290927927,Directed
W4375959209,W4290927927,Directed
W4388768551,W4290927927,Directed
W7154067339,W4290927927,Directed
W4362513310,W4290927927,Directed
W4385629018,W4290927927,Directed
W4388336748,W4290927927,Directed
W4389261144,W4290927927,Directed
W4399970519,W4290927927,Directed
W4403535305,W4290927927,Directed
W4403542070,W4290927927,Directed
W4407538740,W4290927927,Directed
W4408354301,W4290927927,Directed
W4408952294,W4290927927,Directed
W4411811340,W4290927927,Directed
W4414179202,W4290927927,Directed
W4414253996,W4290927927,Directed
W4414257286,W4290927927,Directed
W4414593789,W4290927927,Directed
W4414594316,W4290927927,Directed
W4414595796,W4290927927,Directed
W4415172956,W4290927927,Directed
W4415250821,W4290927927,Directed
W4415538095,W4290927927,Directed
W4416183403,W4290927927,Directed
W4416367901,W4290927927,Directed
W4416557827,W4290927927,Directed
W4417492493,W4290927927,Directed
W7117980317,W4290927927,Directed
W7118010139,W4290927927,Directed
W7123962553,W4290927927,Directed
W7124887930,W4290927927,Directed
W7124972504,W4290927927,Directed
W7125508562,W4290927927,Directed
W7127049180,W4290927927,Directed
W7128066122,W4290927927,Directed
W7131064937,W4290927927,Directed
W7131079033,W4290927927,Directed
W7131095609,W4290927927,Directed
W7131176601,W4290927927,Directed
W7131290795,W4290927927,Directed
W7131787205,W4290927927,Directed
W7132816202,W4290927927,Directed
W7135200989,W4290927927,Directed
W7138992193,W4290927927,Directed
W7154489321,W4290927927,Directed
W7160239609,W4290927927,Directed
W7160415484,W4290927927,Directed
W7160860598,W4290927927,Directed
W7160931447,W4290927927,Directed
W7164320113,W4290927927,Directed
W7166581099,W4290927927,Directed
W7166647773,W4290927927,Directed
W4417466025,W4411120995,Directed
W4283830961,W3094475872,Directed
W3199494379,W3094475872,Directed
W4406272066,W3094475872,Directed
W4392797070,W3094475872,Directed
W4404369392,W3094475872,Directed
W4394564251,W3094475872,Directed
W4389524600,W3094475872,Directed
W4404845471,W3094475872,Directed
W4381612816,W3094475872,Directed
W4400130745,W3094475872,Directed
W4319862718,W3094475872,Directed
W4415974709,W3094475872,Directed
W4408793449,W3094475872,Directed
W4415987011,W3094475872,Directed
W4403569402,W3094475872,Directed
W4385573961,W3094475872,Directed
W4385832620,W3094475872,Directed
W4387849094,W3094475872,Directed
W4404955340,W3094475872,Directed
W4408399465,W3094475872,Directed
W4385574252,W3094475872,Directed
W3176176306,W3094475872,Directed
W3173894056,W3094475872,Directed
W4415539004,W3094475872,Directed
W4416232944,W3094475872,Directed
W7155068068,W3094475872,Directed
W7164002014,W3094475872,Directed
W4396218895,W4380302270,Directed
W4411067307,W4380302270,Directed
W4415258210,W4380302270,Directed
W4399205951,W4380302270,Directed
W4404331571,W4380302270,Directed
W7125979674,W4380302270,Directed
W7141535335,W4380302270,Directed
W4409382263,W4399205703,Directed
W7125772959,W4399205703,Directed
W7125517029,W4401863364,Directed
W4412528379,W4401863364,Directed
W4412708436,W4401863364,Directed
W4412807090,W4401863364,Directed
W4412825984,W4401863364,Directed
W7131285363,W4401863364,Directed
W7143517382,W4401863364,Directed
W7161980738,W4401863364,Directed
W4389518355,W4380551147,Directed
W4399951345,W4380551147,Directed
W4400878603,W4380551147,Directed
W4404031152,W4380551147,Directed
W4389518438,W4380551147,Directed
W4414604027,W4380551147,Directed
W4393405927,W4380551147,Directed
W4389518376,W4380551147,Directed
W4410853499,W4380551147,Directed
W4389518401,W4380551147,Directed
W4389518435,W4380551147,Directed
W4404954314,W4380551147,Directed
W4405601231,W4380551147,Directed
W4415721209,W4380551147,Directed
W7127935276,W4380551147,Directed
W7160394781,W4380551147,Directed
W7160401479,W4380551147,Directed
W7160446573,W4380551147,Directed
W7160516706,W4380551147,Directed
W4284685989,W3094231056,Directed
W3152736451,W3094231056,Directed
W4284675759,W3094231056,Directed
W4284697472,W3094231056,Directed
W4284713818,W3094231056,Directed
W4306317478,W3094231056,Directed
W4318147677,W3094231056,Directed
W4225702729,W3094231056,Directed
W4293248105,W3094231056,Directed
W7152557186,W3094231056,Directed
W7131261651,W4412876927,Directed
W4403619423,W4401863339,Directed
W4404412858,W4401863339,Directed
W4413432920,W4401863339,Directed
W4401327818,W4401863339,Directed
W4403338016,W4401863339,Directed
W4409763147,W4401863339,Directed
W4410808756,W4401863339,Directed
W4411799176,W4401863339,Directed
W4405462639,W4401863339,Directed
W4410383407,W4401863339,Directed
W4414992200,W4401863339,Directed
W7125637838,W4401863339,Directed
W4409767106,W4401863339,Directed
W4412876826,W4401863339,Directed
W4416124405,W4401863339,Directed
W7106162696,W4401863339,Directed
W4402896802,W4401863339,Directed
W4406499798,W4401863339,Directed
W4410186708,W4401863339,Directed
W4411574033,W4401863339,Directed
W4412404165,W4401863339,Directed
W4415350461,W4401863339,Directed
W4406821713,W4401863339,Directed
W4416999487,W4401863339,Directed
W7128420471,W4401863339,Directed
W4412979893,W4401863339,Directed
W4414603049,W4401863339,Directed
W4410636838,W4401863339,Directed
W4413968549,W4401863339,Directed
W4414581614,W4401863339,Directed
W7117693404,W4401863339,Directed
W7123343752,W4401863339,Directed
W7125187608,W4401863339,Directed
W7151378094,W4401863339,Directed
W7153120511,W4401863339,Directed
W4415065051,W4401863339,Directed
W7154098310,W4401863339,Directed
W4404401088,W4401863339,Directed
W4409889838,W4401863339,Directed
W4412170653,W4401863339,Directed
W4412588910,W4401863339,Directed
W4412642161,W4401863339,Directed
W4412709530,W4401863339,Directed
W4414534434,W4401863339,Directed
W4415538234,W4401863339,Directed
W4415780142,W4401863339,Directed
W4416240882,W4401863339,Directed
W4416451515,W4401863339,Directed
W7114899383,W4401863339,Directed
W7118468221,W4401863339,Directed
W7130555830,W4401863339,Directed
W7134171561,W4401863339,Directed
W7134893456,W4401863339,Directed
W7134964886,W4401863339,Directed
W7140076841,W4401863339,Directed
W7140191460,W4401863339,Directed
W7141545350,W4401863339,Directed
W7155057741,W4401863339,Directed
W7160446865,W4401863339,Directed
W7161694142,W4401863339,Directed
W7161829252,W4401863339,Directed
W7162556582,W4401863339,Directed
W7162581971,W4401863339,Directed
W7166561440,W4401863339,Directed
W7166813436,W4401863339,Directed
W7167704704,W4401863339,Directed
W4414978568,W4411120842,Directed
W3163841364,W2743246365,Directed
W2810665353,W2743246365,Directed
W2779594574,W2743246365,Directed
W2969613015,W2743246365,Directed
W3134056544,W2743246365,Directed
W2791680326,W2743246365,Directed
W3037653875,W2743246365,Directed
W2807558998,W2743246365,Directed
W2982138025,W2743246365,Directed
W2968231335,W2743246365,Directed
W4397032946,W2743246365,Directed
W2908251198,W2743246365,Directed
W4389523764,W2743246365,Directed
W4407367953,W2743246365,Directed
W2962954745,W2743246365,Directed
W2912330477,W2743246365,Directed
W2898415122,W2743246365,Directed
W2980967089,W2743246365,Directed
W4319239158,W2743246365,Directed
W4375809575,W2743246365,Directed
W2951626590,W2743246365,Directed
W2877926509,W2743246365,Directed
W3028868096,W2743246365,Directed
W2786348411,W2743246365,Directed
W3088344078,W2743246365,Directed
W4384698103,W2743246365,Directed
W2981008444,W2743246365,Directed
W4285066005,W2743246365,Directed
W4410544877,W2743246365,Directed
W7131083415,W2743246365,Directed
W4392487838,W4387849079,Directed
W4392384650,W4387849079,Directed
W4401381293,W4387849079,Directed
W4400910426,W4387849079,Directed
W4412673534,W4387849079,Directed
W4389520342,W4387849079,Directed
W4392846374,W4387849079,Directed
W4409973696,W4387849079,Directed
W4410087136,W4387849079,Directed
W4405391135,W4387849079,Directed
W4391114276,W4387849079,Directed
W4405305219,W4387849079,Directed
W4410568155,W4401857392,Directed
W4416287376,W4401857392,Directed
W7134209824,W4401857392,Directed
W7166586298,W4401857392,Directed
W4404932737,W4399205611,Directed
W4288079542,W2954365773,Directed
W3037025384,W2954365773,Directed
W4360602683,W2954365773,Directed
W3023208170,W2954365773,Directed
W3003836855,W2954365773,Directed
W3176457774,W2954365773,Directed
W4386852102,W2954365773,Directed
W4200119712,W2954365773,Directed
W4317505581,W2954365773,Directed
W4385572111,W2954365773,Directed
W4312158082,W2954365773,Directed
W3206992295,W2954365773,Directed
W4226474153,W2954365773,Directed
W4294204353,W2954365773,Directed
W4406070280,W2954365773,Directed
W4383340173,W2954365773,Directed
W4224031532,W2954365773,Directed
W4200462712,W2954365773,Directed
W4404573142,W2954365773,Directed
W3003044879,W2954365773,Directed
W3021927925,W2954365773,Directed
W3038050353,W2954365773,Directed
W3198804996,W2954365773,Directed
W4205306715,W2954365773,Directed
W3112035452,W2954365773,Directed
W3205301323,W2954365773,Directed
W4312433629,W2954365773,Directed
W3175531444,W2954365773,Directed
W3186039758,W2954365773,Directed
W3207245655,W2954365773,Directed
W4312623522,W2954365773,Directed
W4321766812,W2954365773,Directed
W4321766921,W2954365773,Directed
W4221041293,W2954365773,Directed
W4390075090,W2954365773,Directed
W4205286121,W2954365773,Directed
W4396821318,W2954365773,Directed
W4407900252,W2954365773,Directed
W4361004942,W2954365773,Directed
W4389306746,W2954365773,Directed
W4386803060,W2954365773,Directed
W4385570716,W2954365773,Directed
W4387885849,W2954365773,Directed
W2993927576,W2954365773,Directed
W4385571221,W2954365773,Directed
W3107309253,W2954365773,Directed
W3184293878,W2954365773,Directed
W4367046582,W2954365773,Directed
W3170957977,W2954365773,Directed
W4207025353,W2954365773,Directed
W4387342382,W2954365773,Directed
W3208685595,W2954365773,Directed
W3211504095,W2954365773,Directed
W4206716396,W2954365773,Directed
W4321392364,W2954365773,Directed
W4403582503,W2954365773,Directed
W3205606687,W2954365773,Directed
W4399497544,W2954365773,Directed
W4414205947,W2954365773,Directed
W4399205314,W2954365773,Directed
W4412657027,W2954365773,Directed
W4412747823,W2954365773,Directed
W3029835314,W2954365773,Directed
W3137353858,W2954365773,Directed
W4313171920,W2954365773,Directed
W3187437888,W2954365773,Directed
W3135847883,W2954365773,Directed
W3193816295,W2954365773,Directed
W3099183794,W2954365773,Directed
W4213095693,W2954365773,Directed
W4391093209,W2954365773,Directed
W4312471646,W2954365773,Directed
W4407827488,W2954365773,Directed
W4318834046,W2954365773,Directed
W4210911095,W2954365773,Directed
W4287890652,W2954365773,Directed
W4319315451,W2954365773,Directed
W4377565969,W2954365773,Directed
W4399205231,W2954365773,Directed
W3045592540,W2954365773,Directed
W2986985435,W2954365773,Directed
W3138817022,W2954365773,Directed
W4206047627,W2954365773,Directed
W4393074842,W2954365773,Directed
W3021166088,W2954365773,Directed
W3194938888,W2954365773,Directed
W3118928812,W2954365773,Directed
W4221155795,W2954365773,Directed
W4312853531,W2954365773,Directed
W4385522225,W2954365773,Directed
W4386161239,W2954365773,Directed
W3212788180,W2954365773,Directed
W4241461373,W2954365773,Directed
W3084611114,W2954365773,Directed
W4241428955,W2954365773,Directed
W3144929683,W2954365773,Directed
W3122694199,W2954365773,Directed
W4401042520,W2954365773,Directed
W3118652332,W2954365773,Directed
W3154707484,W2954365773,Directed
W3187133503,W2954365773,Directed
W4321836570,W2954365773,Directed
W4379538769,W2954365773,Directed
W4385734241,W2954365773,Directed
W4393407134,W2954365773,Directed
W4399041202,W2954365773,Directed
W4399205228,W2954365773,Directed
W4403835201,W2954365773,Directed
W4409834945,W2954365773,Directed
W4410038344,W2954365773,Directed
W4414826425,W2954365773,Directed
W4415160583,W2954365773,Directed
W7127652137,W2954365773,Directed
W7134173180,W2954365773,Directed
W7159946834,W2954365773,Directed
W4387482471,W4312339199,Directed
W4389519069,W4312339199,Directed
W4406045007,W4312339199,Directed
W4389524382,W4312339199,Directed
W4391841738,W4312339199,Directed
W4416016005,W4312339199,Directed
W7161382532,W4312339199,Directed
W4415538366,W4412876983,Directed
W4413973334,W4412876983,Directed
W4412825811,W4412876983,Directed
W4415536769,W4412876983,Directed
W4416728788,W4412876983,Directed
W4416078664,W4412876983,Directed
W7134044295,W4412876983,Directed
W7163816625,W4412876983,Directed
W7165397078,W4412876983,Directed
W4400118952,W4385567868,Directed
W4408472883,W4385567868,Directed
W4400606525,W4385567868,Directed
W4402915290,W4385567868,Directed
W4389777839,W4385567868,Directed
W4382130836,W4385567868,Directed
W4400033172,W4385567868,Directed
W4403431604,W4385567868,Directed
W4402042869,W4385567868,Directed
W4390541481,W4385567868,Directed
W4407979621,W4385567868,Directed
W4412489098,W4385567868,Directed
W4402515701,W4385567868,Directed
W4401043462,W4385567868,Directed
W4388406624,W4385567868,Directed
W4396212737,W4385567868,Directed
W4406633383,W4385567868,Directed
W4401751604,W4385567868,Directed
W4403295022,W4385567868,Directed
W4408805407,W4385567868,Directed
W4410789100,W4385567868,Directed
W4405103738,W4385567868,Directed
W4406234689,W4385567868,Directed
W4406704340,W4385567868,Directed
W4403577881,W4385567868,Directed
W4415476925,W4385567868,Directed
W4413657632,W4385567868,Directed
W4414063032,W4385567868,Directed
W4386525279,W4385567868,Directed
W4380519633,W4385567868,Directed
W4403938643,W4385567868,Directed
W4410086475,W4385567868,Directed
W4399205284,W4385567868,Directed
W4394804915,W4385567868,Directed
W4405232513,W4385567868,Directed
W4401282577,W4385567868,Directed
W4409330040,W4385567868,Directed
W4398234546,W4385567868,Directed
W4392384878,W4385567868,Directed
W4401247470,W4385567868,Directed
W4408860735,W4385567868,Directed
W4409183392,W4385567868,Directed
W4412825751,W4385567868,Directed
W4413639993,W4385567868,Directed
W4415655025,W4385567868,Directed
W4415821725,W4385567868,Directed
W7123342175,W4385567868,Directed
W7140164153,W4385567868,Directed
W7155571782,W4385567868,Directed
W7160696330,W4385567868,Directed
W7167505006,W4385567868,Directed
W2549661938,W2574434649,Directed
W2791200426,W2574434649,Directed
W2807490770,W2574434649,Directed
W2769883821,W2574434649,Directed
W3216987543,W2574434649,Directed
W2898940449,W2574434649,Directed
W3201438393,W2574434649,Directed
W3092898995,W2574434649,Directed
W4385431764,W2574434649,Directed
W2772728402,W2574434649,Directed
W2898579167,W2574434649,Directed
W2919077109,W2574434649,Directed
W2796436180,W2574434649,Directed
W2620858646,W2574434649,Directed
W2807371872,W2574434649,Directed
W4299397191,W2574434649,Directed
W2807932051,W2574434649,Directed
W4292767238,W2574434649,Directed
W3015847789,W2574434649,Directed
W2773562361,W2574434649,Directed
W3204155403,W2574434649,Directed
W3196972353,W2574434649,Directed
W2778368321,W2574434649,Directed
W4224903597,W2574434649,Directed
W3046363476,W2574434649,Directed
W3163486598,W2574434649,Directed
W3189104398,W2574434649,Directed
W3137960643,W2574434649,Directed
W3213416758,W2574434649,Directed
W4246411723,W2574434649,Directed
W4308592533,W2574434649,Directed
W4399452185,W2574434649,Directed
W2782461017,W2574434649,Directed
W2920602792,W2574434649,Directed
W2584795255,W2574434649,Directed
W2811485357,W2574434649,Directed
W3122066145,W2574434649,Directed
W4289255339,W2574434649,Directed
W2890344487,W2574434649,Directed
W2969719950,W2574434649,Directed
W3038056378,W2574434649,Directed
W2914707617,W2574434649,Directed
W2994134394,W2574434649,Directed
W3178955862,W2574434649,Directed
W3199431696,W2574434649,Directed
W4312971014,W2574434649,Directed
W2911212285,W2574434649,Directed
W3113884278,W2574434649,Directed
W2914769765,W2574434649,Directed
W3023578918,W2574434649,Directed
W4382404930,W2574434649,Directed
W2997596621,W2574434649,Directed
W4360765004,W2574434649,Directed
W4312814082,W2574434649,Directed
W4414388831,W2574434649,Directed
W4404440879,W2574434649,Directed
W4413570309,W2574434649,Directed
W4406587712,W2574434649,Directed
W4414325990,W2574434649,Directed
W4417456067,W2574434649,Directed
W3203615990,W2574434649,Directed
W2889064959,W2574434649,Directed
W3036955543,W2574434649,Directed
W2969657494,W2574434649,Directed
W3174985797,W2574434649,Directed
W2773521671,W2574434649,Directed
W3118204011,W2574434649,Directed
W4308624687,W2574434649,Directed
W3037667752,W2574434649,Directed
W4394712216,W2574434649,Directed
W3082367118,W2574434649,Directed
W3196020839,W2574434649,Directed
W4205505235,W2574434649,Directed
W2620659750,W2574434649,Directed
W4244818039,W2574434649,Directed
W2914738809,W2574434649,Directed
W2617962862,W2574434649,Directed
W2781499100,W2574434649,Directed
W2899362435,W2574434649,Directed
W2942539208,W2574434649,Directed
W2570750561,W2574434649,Directed
W3038713765,W2574434649,Directed
W4200310522,W2574434649,Directed
W2791296163,W2574434649,Directed
W4372329874,W2574434649,Directed
W2736542701,W2574434649,Directed
W3169613122,W2574434649,Directed
W4307046911,W2574434649,Directed
W4312931414,W2574434649,Directed
W4382877514,W2574434649,Directed
W4401917581,W2574434649,Directed
W4406475068,W2574434649,Directed
W4409325545,W2574434649,Directed
W2809158944,W2574434649,Directed
W3016399924,W2574434649,Directed
W3194152919,W2574434649,Directed
W4391523404,W2574434649,Directed
W4200094180,W2574434649,Directed
W4361223881,W2574434649,Directed
W4205173283,W2574434649,Directed
W2890682046,W2574434649,Directed
W2754880128,W2574434649,Directed
W2940385357,W2574434649,Directed
W4213315045,W2574434649,Directed
W4360867606,W2574434649,Directed
W2978340082,W2574434649,Directed
W3022286759,W2574434649,Directed
W3200930850,W2574434649,Directed
W4210592022,W2574434649,Directed
W4319972860,W2574434649,Directed
W4391445786,W2574434649,Directed
W4392939467,W2574434649,Directed
W4401911575,W2574434649,Directed
W2638240404,W2574434649,Directed
W2508166096,W2574434649,Directed
W4297904282,W2574434649,Directed
W2964012486,W2574434649,Directed
W2794880935,W2574434649,Directed
W3012605742,W2574434649,Directed
W2767367799,W2574434649,Directed
W4255455439,W2574434649,Directed
W4280542442,W2574434649,Directed
W2955996206,W2574434649,Directed
W2981192889,W2574434649,Directed
W3214464751,W2574434649,Directed
W2798832564,W2574434649,Directed
W2950594833,W2574434649,Directed
W2952492390,W2574434649,Directed
W2972625680,W2574434649,Directed
W3146618704,W2574434649,Directed
W3167519163,W2574434649,Directed
W3191749868,W2574434649,Directed
W3202340452,W2574434649,Directed
W3208035416,W2574434649,Directed
W4210838059,W2574434649,Directed
W4211006763,W2574434649,Directed
W4244251178,W2574434649,Directed
W4252013911,W2574434649,Directed
W4361863862,W2574434649,Directed
W4387941576,W2574434649,Directed
W4388761591,W2574434649,Directed
W4389333287,W2574434649,Directed
W4396905987,W2574434649,Directed
W4399327261,W2574434649,Directed
W4399435063,W2574434649,Directed
W4401172667,W2574434649,Directed
W4410544553,W2574434649,Directed
W4411120926,W2574434649,Directed
W4411120960,W2574434649,Directed
W4411240015,W2574434649,Directed
W4411240018,W2574434649,Directed
W4411708095,W2574434649,Directed
W4413012869,W2574434649,Directed
W4413343455,W2574434649,Directed
W4417021294,W2574434649,Directed
W7134199591,W2574434649,Directed
W7140090737,W2574434649,Directed
W7153975320,W4399205504,Directed
W7129400719,W4399205504,Directed
W7162630780,W4399205504,Directed
W4312673707,W4224509134,Directed
W4414778051,W4399205358,Directed
W4406781039,W4399205358,Directed
W4412066887,W4399205358,Directed
W7125660843,W4399205358,Directed
W7126190957,W4399205358,Directed
W4413482458,W4399205788,Directed
W4411949580,W4306317037,Directed
W4411055016,W4306317037,Directed
W4405873894,W4306317037,Directed
W7163518885,W4402705598,Directed
W2950361482,W2093606067,Directed
W2620661538,W2093606067,Directed
W3089028909,W2093606067,Directed
W3164952570,W2093606067,Directed
W3023586494,W2093606067,Directed
W2906498146,W2093606067,Directed
W3128634608,W2093606067,Directed
W2948517885,W2093606067,Directed
W2191950414,W2093606067,Directed
W3198059351,W2093606067,Directed
W2964758013,W2093606067,Directed
W3005893373,W2093606067,Directed
W2564960719,W2093606067,Directed
W3083560262,W2093606067,Directed
W4360862854,W2093606067,Directed
W2621033546,W2093606067,Directed
W2918465401,W2093606067,Directed
W2947330499,W2093606067,Directed
W3007098654,W2093606067,Directed
W3080157892,W2093606067,Directed
W2901543039,W2093606067,Directed
W4224038053,W2093606067,Directed
W2944981198,W2093606067,Directed
W3081530595,W2093606067,Directed
W3082281389,W2093606067,Directed
W4396757510,W2093606067,Directed
W4380742472,W2093606067,Directed
W4220974364,W2093606067,Directed
W3008578055,W2093606067,Directed
W3012334351,W2093606067,Directed
W3045994189,W2093606067,Directed
W4285256586,W2093606067,Directed
W2995140724,W2093606067,Directed
W4385568016,W2093606067,Directed
W3175611124,W2093606067,Directed
W4384302784,W2093606067,Directed
W3135977745,W2093606067,Directed
W4224315779,W2093606067,Directed
W4401816616,W2093606067,Directed
W2966450257,W2093606067,Directed
W4318486034,W2093606067,Directed
W4285276855,W2093606067,Directed
W4200206198,W2093606067,Directed
W4285176337,W2093606067,Directed
W4223469422,W2093606067,Directed
W4296086316,W2093606067,Directed
W4400033563,W2093606067,Directed
W4404469625,W2093606067,Directed
W4390143397,W2093606067,Directed
W4401726558,W2093606067,Directed
W4402041023,W2093606067,Directed
W4291178743,W2093606067,Directed
W4403366241,W2093606067,Directed
W4321485357,W2093606067,Directed
W4398205979,W2093606067,Directed
W4391377427,W2093606067,Directed
W4402070438,W2093606067,Directed
W4407318499,W2093606067,Directed
W2891041086,W2093606067,Directed
W2912126994,W2093606067,Directed
W2994256042,W2093606067,Directed
W2756396702,W2093606067,Directed
W2809166736,W2093606067,Directed
W2806741695,W2093606067,Directed
W2886736558,W2093606067,Directed
W2997116778,W2093606067,Directed
W2775793919,W2093606067,Directed
W3006882429,W2093606067,Directed
W2947096836,W2093606067,Directed
W2794433597,W2093606067,Directed
W3011211404,W2093606067,Directed
W3113082031,W2093606067,Directed
W2948187549,W2093606067,Directed
W2963913959,W2093606067,Directed
W2766542353,W2093606067,Directed
W3134957034,W2093606067,Directed
W3171293792,W2093606067,Directed
W3117435741,W2093606067,Directed
W4206020427,W2093606067,Directed
W2941590481,W2093606067,Directed
W2987702431,W2093606067,Directed
W3184338320,W2093606067,Directed
W2946491813,W2093606067,Directed
W3014773641,W2093606067,Directed
W3037590075,W2093606067,Directed
W3179997351,W2093606067,Directed
W3135542633,W2093606067,Directed
W3194462213,W2093606067,Directed
W2919841582,W2093606067,Directed
W3094404806,W2093606067,Directed
W3207710923,W2093606067,Directed
W2903262167,W2093606067,Directed
W2959236513,W2093606067,Directed
W3125062534,W2093606067,Directed
W3152601077,W2093606067,Directed
W3017233917,W2093606067,Directed
W4361264071,W2093606067,Directed
W3199896213,W2093606067,Directed
W3209514298,W2093606067,Directed
W4211262969,W2093606067,Directed
W2534591110,W2093606067,Directed
W3166536963,W2093606067,Directed
W4211023551,W2093606067,Directed
W2982181458,W2093606067,Directed
W3055742330,W2093606067,Directed
W3210238813,W2093606067,Directed
W2942467438,W2093606067,Directed
W4210989694,W2093606067,Directed
W4224219710,W2093606067,Directed
W3136533583,W2093606067,Directed
W4378072201,W2093606067,Directed
W3215189916,W2093606067,Directed
W3216249210,W2093606067,Directed
W3001395944,W2093606067,Directed
W3203849036,W2093606067,Directed
W4323038324,W2093606067,Directed
W4366829222,W2093606067,Directed
W4205562875,W2093606067,Directed
W4312443721,W2093606067,Directed
W3089378999,W2093606067,Directed
W3217796474,W2093606067,Directed
W4297175726,W2093606067,Directed
W4312949663,W2093606067,Directed
W4315647774,W2093606067,Directed
W2982268451,W2093606067,Directed
W4387618363,W2093606067,Directed
W2911840949,W2093606067,Directed
W3097145938,W2093606067,Directed
W3126347924,W2093606067,Directed
W4313563765,W2093606067,Directed
W4380520218,W2093606067,Directed
W3166388161,W2093606067,Directed
W4383890404,W2093606067,Directed
W4293691173,W2093606067,Directed
W4308579843,W2093606067,Directed
W4388212563,W2093606067,Directed
W4400911026,W2093606067,Directed
W4317794532,W2093606067,Directed
W4391481700,W2093606067,Directed
W4391707535,W2093606067,Directed
W4401857231,W2093606067,Directed
W4399027398,W2093606067,Directed
W4404823892,W2093606067,Directed
W7154584594,W2093606067,Directed
W4391306045,W2093606067,Directed
W4392902812,W2093606067,Directed
W4408275587,W2093606067,Directed
W4414413765,W2093606067,Directed
W3034677259,W2093606067,Directed
W2899889673,W2093606067,Directed
W3162443161,W2093606067,Directed
W2780919251,W2093606067,Directed
W3100051866,W2093606067,Directed
W2955396105,W2093606067,Directed
W3163701409,W2093606067,Directed
W2825899839,W2093606067,Directed
W2950604266,W2093606067,Directed
W2981929930,W2093606067,Directed
W3004095348,W2093606067,Directed
W3167214990,W2093606067,Directed
W2785664563,W2093606067,Directed
W3000445396,W2093606067,Directed
W2800630223,W2093606067,Directed
W2950251004,W2093606067,Directed
W3121110621,W2093606067,Directed
W3160729339,W2093606067,Directed
W2982155406,W2093606067,Directed
W2994619583,W2093606067,Directed
W3091846082,W2093606067,Directed
W3192727092,W2093606067,Directed
W3216945953,W2093606067,Directed
W4296188778,W2093606067,Directed
W3131918926,W2093606067,Directed
W3176898271,W2093606067,Directed
W4210614872,W2093606067,Directed
W3021096744,W2093606067,Directed
W4306317670,W2093606067,Directed
W2604513634,W2093606067,Directed
W3006708771,W2093606067,Directed
W3138458535,W2093606067,Directed
W4312236930,W2093606067,Directed
W2900543911,W2093606067,Directed
W3026560433,W2093606067,Directed
W4210735938,W2093606067,Directed
W4304161004,W2093606067,Directed
W4380433148,W2093606067,Directed
W4293657314,W2093606067,Directed
W4385502453,W2093606067,Directed
W4319586728,W2093606067,Directed
W4385270260,W2093606067,Directed
W4391889599,W2093606067,Directed
W4404400565,W2093606067,Directed
W4283777123,W2093606067,Directed
W4386631980,W2093606067,Directed
W4416767265,W2093606067,Directed
W4382407715,W2093606067,Directed
W4285603061,W2093606067,Directed
W4394585856,W2093606067,Directed
W4414666149,W2093606067,Directed
W4399140307,W2093606067,Directed
W4402570999,W2093606067,Directed
W3043155291,W2093606067,Directed
W2792910889,W2093606067,Directed
W3185198287,W2093606067,Directed
W2949486172,W2093606067,Directed
W3212772339,W2093606067,Directed
W2970140314,W2093606067,Directed
W2942905601,W2093606067,Directed
W3126284104,W2093606067,Directed
W4311716377,W2093606067,Directed
W4379538689,W2093606067,Directed
W2922662131,W2093606067,Directed
W4205568334,W2093606067,Directed
W4224940913,W2093606067,Directed
W4225378815,W2093606067,Directed
W4388016583,W2093606067,Directed
W2770113059,W2093606067,Directed
W4320024198,W2093606067,Directed
W4385482915,W2093606067,Directed
W4392241975,W2093606067,Directed
W2937930719,W2093606067,Directed
W3175359828,W2093606067,Directed
W4283750307,W2093606067,Directed
W4367663125,W2093606067,Directed
W4387677488,W2093606067,Directed
W3196980462,W2093606067,Directed
W4323520232,W2093606067,Directed
W4399548050,W2093606067,Directed
W4364301863,W2093606067,Directed
W4402100708,W2093606067,Directed
W4405207484,W2093606067,Directed
W4413360694,W2093606067,Directed
W2397338468,W2093606067,Directed
W3186988750,W2093606067,Directed
W3028335119,W2093606067,Directed
W3033354424,W2093606067,Directed
W2744575549,W2093606067,Directed
W3015803857,W2093606067,Directed
W3130901754,W2093606067,Directed
W3211055065,W2093606067,Directed
W3212674796,W2093606067,Directed
W2916933514,W2093606067,Directed
W2924534691,W2093606067,Directed
W2925337859,W2093606067,Directed
W3018472896,W2093606067,Directed
W3115472312,W2093606067,Directed
W3211667856,W2093606067,Directed
W4221055863,W2093606067,Directed
W2995234595,W2093606067,Directed
W4327768027,W2093606067,Directed
W2894117725,W2093606067,Directed
W3011899475,W2093606067,Directed
W3197587982,W2093606067,Directed
W4206499432,W2093606067,Directed
W4211075014,W2093606067,Directed
W4391094022,W2093606067,Directed
W4210535209,W2093606067,Directed
W4211173242,W2093606067,Directed
W4281391298,W2093606067,Directed
W4287887330,W2093606067,Directed
W4400525851,W2093606067,Directed
W2920580107,W2093606067,Directed
W3015683675,W2093606067,Directed
W2954109230,W2093606067,Directed
W4288081355,W2093606067,Directed
W3209002129,W2093606067,Directed
W4293233618,W2093606067,Directed
W2899473595,W2093606067,Directed
W3092370839,W2093606067,Directed
W3159509599,W2093606067,Directed
W3207256075,W2093606067,Directed
W4200111836,W2093606067,Directed
W4205856545,W2093606067,Directed
W4206496640,W2093606067,Directed
W4308846859,W2093606067,Directed
W4318148395,W2093606067,Directed
W4385343007,W2093606067,Directed
W4385392749,W2093606067,Directed
W4386601100,W2093606067,Directed
W4388525179,W2093606067,Directed
W4390501331,W2093606067,Directed
W3130326228,W2093606067,Directed
W4212998280,W2093606067,Directed
W4224986404,W2093606067,Directed
W4281651088,W2093606067,Directed
W4293210781,W2093606067,Directed
W4317515542,W2093606067,Directed
W4385392867,W2093606067,Directed
W4386075381,W2093606067,Directed
W4395470420,W2093606067,Directed
W4413978830,W2093606067,Directed
W4393978580,W2093606067,Directed
W3001287681,W2093606067,Directed
W2583451302,W2093606067,Directed
W2899006415,W2093606067,Directed
W2772542282,W2093606067,Directed
W2790520983,W2093606067,Directed
W2948022687,W2093606067,Directed
W2997126038,W2093606067,Directed
W3091113864,W2093606067,Directed
W3144332058,W2093606067,Directed
W3146295378,W2093606067,Directed
W3210144298,W2093606067,Directed
W4319764885,W2093606067,Directed
W2795290951,W2093606067,Directed
W2883065233,W2093606067,Directed
W2897026707,W2093606067,Directed
W2900488253,W2093606067,Directed
W2912885749,W2093606067,Directed
W2978937127,W2093606067,Directed
W3010493172,W2093606067,Directed
W3038192769,W2093606067,Directed
W3094141339,W2093606067,Directed
W3126974661,W2093606067,Directed
W3134221601,W2093606067,Directed
W3134344330,W2093606067,Directed
W3158786118,W2093606067,Directed
W3163474084,W2093606067,Directed
W3174127725,W2093606067,Directed
W4213214190,W2093606067,Directed
W4312585505,W2093606067,Directed
W4386123451,W2093606067,Directed
W4386260417,W2093606067,Directed
W4386952419,W2093606067,Directed
W3007103823,W2093606067,Directed
W2507064736,W2093606067,Directed
W2935242007,W2093606067,Directed
W3083250332,W2093606067,Directed
W2902527214,W2093606067,Directed
W3142047070,W2093606067,Directed
W2765505779,W2093606067,Directed
W3087172118,W2093606067,Directed
W2273907074,W2093606067,Directed
W2314541930,W2093606067,Directed
W2615121850,W2093606067,Directed
W3207058943,W2093606067,Directed
W4394922562,W2093606067,Directed
W3081487536,W2093606067,Directed
W3083974202,W2093606067,Directed
W3033059620,W2093606067,Directed
W3198231386,W2093606067,Directed
W2961536934,W2093606067,Directed
W3014172094,W2093606067,Directed
W3103957664,W2093606067,Directed
W2965900959,W2093606067,Directed
W3107296377,W2093606067,Directed
W2293816676,W2093606067,Directed
W2988163793,W2093606067,Directed
W3206877484,W2093606067,Directed
W4307358206,W2093606067,Directed
W2563107720,W2093606067,Directed
W2729572045,W2093606067,Directed
W2907856836,W2093606067,Directed
W2910751982,W2093606067,Directed
W2913139182,W2093606067,Directed
W2949967200,W2093606067,Directed
W2973856063,W2093606067,Directed
W3005992387,W2093606067,Directed
W3016448229,W2093606067,Directed
W3039847581,W2093606067,Directed
W3089314614,W2093606067,Directed
W3097364622,W2093606067,Directed
W3097934495,W2093606067,Directed
W3099576695,W2093606067,Directed
W3113581046,W2093606067,Directed
W3115265797,W2093606067,Directed
W3116897573,W2093606067,Directed
W3146514381,W2093606067,Directed
W3156058588,W2093606067,Directed
W3157544532,W2093606067,Directed
W3162944055,W2093606067,Directed
W3169376372,W2093606067,Directed
W3177038919,W2093606067,Directed
W3197667688,W2093606067,Directed
W3201140051,W2093606067,Directed
W3207022162,W2093606067,Directed
W3208197539,W2093606067,Directed
W3208679452,W2093606067,Directed
W3209577963,W2093606067,Directed
W4200056611,W2093606067,Directed
W4205584062,W2093606067,Directed
W4229067865,W2093606067,Directed
W4285244578,W2093606067,Directed
W4285518890,W2093606067,Directed
W4312976160,W2093606067,Directed
W4318619404,W2093606067,Directed
W4318619514,W2093606067,Directed
W4380575599,W2093606067,Directed
W4383333677,W2093606067,Directed
W4386047736,W2093606067,Directed
W4387832096,W2093606067,Directed
W4388039656,W2093606067,Directed
W4391472702,W2093606067,Directed
W4391557847,W2093606067,Directed
W4391991981,W2093606067,Directed
W4393978776,W2093606067,Directed
W4399515530,W2093606067,Directed
W4399879477,W2093606067,Directed
W4399996495,W2093606067,Directed
W4401211647,W2093606067,Directed
W4402596286,W2093606067,Directed
W4403365521,W2093606067,Directed
W4403722894,W2093606067,Directed
W4407247934,W2093606067,Directed
W4410090028,W2093606067,Directed
W4410281483,W2093606067,Directed
W4410653087,W2093606067,Directed
W4412055967,W2093606067,Directed
W4412876822,W2093606067,Directed
W4413360389,W2093606067,Directed
W4413411740,W2093606067,Directed
W4415325547,W2093606067,Directed
W4416249841,W2093606067,Directed
W4416448583,W2093606067,Directed
W4417119605,W2093606067,Directed
W7117241814,W2093606067,Directed
W7140329308,W2093606067,Directed
W7140342782,W2093606067,Directed
W7154973602,W2093606067,Directed
W7160256255,W2093606067,Directed
W7161850492,W2093606067,Directed
W7162407513,W2093606067,Directed
W7164369304,W2093606067,Directed
W7165654215,W2093606067,Directed
W3132689447,W3093988619,Directed
W4380136659,W3093988619,Directed
W4378594033,W3093988619,Directed
W3165146808,W3093988619,Directed
W4402900312,W3093988619,Directed
W4389379252,W3093988619,Directed
W3158108022,W3093988619,Directed
W4400798014,W3093988619,Directed
W4391788768,W3093988619,Directed
W4386704875,W3093988619,Directed
W4386232130,W3093988619,Directed
W4309146357,W3093988619,Directed
W4389490952,W3093988619,Directed
W4387966359,W3093988619,Directed
W4409406754,W3093988619,Directed
W4292258989,W3093988619,Directed
W4401421404,W3093988619,Directed
W4403277309,W3093988619,Directed
W4400041356,W3093988619,Directed
W4396888978,W3093988619,Directed
W4387407175,W3093988619,Directed
W4391835389,W3093988619,Directed
W7138168700,W3093988619,Directed
W4389146766,W3093988619,Directed
W4388660718,W3093988619,Directed
W4390679442,W3093988619,Directed
W4411273391,W3093988619,Directed
W4412795086,W3093988619,Directed
W4404295451,W3093988619,Directed
W4406271177,W3093988619,Directed
W4415974197,W3093988619,Directed
W4411873475,W3093988619,Directed
W4391613554,W3093988619,Directed
W4393079020,W3093988619,Directed
W4405023056,W3093988619,Directed
W4415959965,W3093988619,Directed
W4324116360,W3093988619,Directed
W4385488671,W3093988619,Directed
W4309781919,W3093988619,Directed
W4387846203,W3093988619,Directed
W4396735768,W3093988619,Directed
W4396735774,W3093988619,Directed
W4360608857,W3093988619,Directed
W4311165730,W3093988619,Directed
W4402796844,W3093988619,Directed
W3111099750,W3093988619,Directed
W4406603226,W3093988619,Directed
W3217073995,W3093988619,Directed
W4403450573,W3093988619,Directed
W4411225634,W3093988619,Directed
W4413127590,W3093988619,Directed
W4391167037,W3093988619,Directed
W4394742530,W3093988619,Directed
W4399773703,W3093988619,Directed
W4400439442,W3093988619,Directed
W4402283571,W3093988619,Directed
W4404776106,W3093988619,Directed
W4410376659,W3093988619,Directed
W4414084900,W3093988619,Directed
W4416615904,W3093988619,Directed
W7116776542,W3093988619,Directed
W7117532265,W3093988619,Directed
W7117720347,W3093988619,Directed
W7117988664,W3093988619,Directed
W7120153376,W3093988619,Directed
W7150220960,W3093988619,Directed
W7155213115,W3093988619,Directed
W7161588091,W3093988619,Directed
W3080223069,W2963446316,Directed
W3013437827,W2963446316,Directed
W4211179769,W2963446316,Directed
W3036385388,W2963446316,Directed
W3081379046,W2963446316,Directed
W2989364584,W2963446316,Directed
W3201622928,W2963446316,Directed
W3106460864,W2963446316,Directed
W3125759795,W2963446316,Directed
W3137696207,W2963446316,Directed
W3174116037,W2963446316,Directed
W3094067570,W2963446316,Directed
W3118477442,W2963446316,Directed
W3080432310,W2963446316,Directed
W3168261013,W2963446316,Directed
W4220881245,W2963446316,Directed
W3115453555,W2963446316,Directed
W3172299815,W2963446316,Directed
W3126092582,W2963446316,Directed
W4392728800,W2963446316,Directed
W3014936539,W2963446316,Directed
W4304632048,W2963446316,Directed
W4287887932,W2963446316,Directed
W4385412489,W2963446316,Directed
W3134636647,W2963446316,Directed
W3207604419,W2963446316,Directed
W3207934453,W2963446316,Directed
W4284885341,W2963446316,Directed
W3080190007,W2963446316,Directed
W3210712343,W2963446316,Directed
W4283813557,W2963446316,Directed
W4407171721,W2963446316,Directed
W3036891800,W2963446316,Directed
W3080574198,W2963446316,Directed
W4386576626,W2963446316,Directed
W3176646110,W2963446316,Directed
W3003734448,W2963446316,Directed
W3081370563,W2963446316,Directed
W3081288631,W2963446316,Directed
W3013869439,W2963446316,Directed
W4282976354,W2963446316,Directed
W3126380001,W2963446316,Directed
W3176261297,W2963446316,Directed
W4210798472,W2963446316,Directed
W4285600974,W2963446316,Directed
W3080416674,W2963446316,Directed
W4385574229,W2963446316,Directed
W3098960024,W2963446316,Directed
W3184618796,W2963446316,Directed
W4309688868,W2963446316,Directed
W4327744696,W2963446316,Directed
W4387344955,W2963446316,Directed
W4391400566,W2963446316,Directed
W4405624079,W2963446316,Directed
W4408964491,W2963446316,Directed
W4409666206,W2963446316,Directed
W4411987575,W2963446316,Directed
W7125635405,W2963446316,Directed
W3080714937,W2963446316,Directed
W3080981270,W2963446316,Directed
W2970370977,W2963446316,Directed
W3000157158,W2963446316,Directed
W3210595538,W2963446316,Directed
W3007825318,W2963446316,Directed
W3213062391,W2963446316,Directed
W4285240074,W2963446316,Directed
W4211056753,W2963446316,Directed
W4385569749,W2963446316,Directed
W4394582043,W2963446316,Directed
W4210809756,W2963446316,Directed
W3199693209,W2963446316,Directed
W4391318443,W2963446316,Directed
W4313459377,W2963446316,Directed
W4388105368,W2963446316,Directed
W4389520435,W2963446316,Directed
W4406963591,W2963446316,Directed
W4411628246,W2963446316,Directed
W4312697643,W2963446316,Directed
W4389524351,W2963446316,Directed
W4415538327,W2963446316,Directed
W3094411615,W2963446316,Directed
W3016257480,W2963446316,Directed
W3085267552,W2963446316,Directed
W4310934721,W2963446316,Directed
W2945379976,W2963446316,Directed
W3033785468,W2963446316,Directed
W3093772265,W2963446316,Directed
W4210760967,W2963446316,Directed
W3185969051,W2963446316,Directed
W4388845886,W2963446316,Directed
W4391338825,W2963446316,Directed
W4392637310,W2963446316,Directed
W4389524084,W2963446316,Directed
W4406753366,W2963446316,Directed
W4409657478,W2963446316,Directed
W4410061042,W2963446316,Directed
W3081257413,W2963446316,Directed
W4206293458,W2963446316,Directed
W4283518000,W2963446316,Directed
W4287888518,W2963446316,Directed
W4393161073,W2963446316,Directed
W4223947323,W2963446316,Directed
W4283210764,W2963446316,Directed
W4296593652,W2963446316,Directed
W4385632219,W2963446316,Directed
W4385718065,W2963446316,Directed
W4401234044,W2963446316,Directed
W4401870857,W2963446316,Directed
W4410049584,W2963446316,Directed
W3106938974,W2963446316,Directed
W4362502062,W2963446316,Directed
W4313396362,W2963446316,Directed
W4321479972,W2963446316,Directed
W4387311255,W2963446316,Directed
W4389520701,W2963446316,Directed
W4411528222,W2963446316,Directed
W4414231188,W2963446316,Directed
W3040228138,W2963446316,Directed
W3118928812,W2963446316,Directed
W3194134045,W2963446316,Directed
W4378571969,W2963446316,Directed
W4389632576,W2963446316,Directed
W4396864803,W2963446316,Directed
W4399205611,W2963446316,Directed
W3029778218,W2963446316,Directed
W2903088770,W2963446316,Directed
W4234208591,W2963446316,Directed
W3197411547,W2963446316,Directed
W4287888902,W2963446316,Directed
W3171687791,W2963446316,Directed
W3213192157,W2963446316,Directed
W4214808578,W2963446316,Directed
W4245336701,W2963446316,Directed
W4385571359,W2963446316,Directed
W7154085026,W2963446316,Directed
W3048846675,W2963446316,Directed
W3126888391,W2963446316,Directed
W3192776878,W2963446316,Directed
W3202730739,W2963446316,Directed
W3212613688,W2963446316,Directed
W4210983576,W2963446316,Directed
W4221027983,W2963446316,Directed
W4242682031,W2963446316,Directed
W4309544510,W2963446316,Directed
W4361198805,W2963446316,Directed
W4385570093,W2963446316,Directed
W4389297101,W2963446316,Directed
W4389399388,W2963446316,Directed
W4399405436,W2963446316,Directed
W4401091885,W2963446316,Directed
W4407129541,W2963446316,Directed
W4407360084,W2963446316,Directed
W4409889661,W2963446316,Directed
W4411282520,W2963446316,Directed
W4411284597,W2963446316,Directed
W4413187774,W2963446316,Directed
W4416148485,W2963446316,Directed
W4416193957,W2963446316,Directed
W4416756906,W2963446316,Directed
W7104394343,W2963446316,Directed
W7117260971,W2963446316,Directed
W7118679887,W2963446316,Directed
W7126386796,W2963446316,Directed
W7128169947,W2963446316,Directed
W7140307425,W2963446316,Directed
W7152043890,W2963446316,Directed
W7162629859,W2963446316,Directed
W7163892051,W4414487480,Directed
W4294723949,W2967783680,Directed
W3176200620,W2967783680,Directed
W4362579589,W2884014654,Directed
W4290877635,W2884014654,Directed
W2981120761,W2884014654,Directed
W4206911143,W2884014654,Directed
W4291745514,W2884014654,Directed
W3170848208,W2884014654,Directed
W4221139060,W2884014654,Directed
W3155747292,W2884014654,Directed
W4214604362,W2884014654,Directed
W4285195691,W2884014654,Directed
W4321608031,W2884014654,Directed
W4390134900,W2884014654,Directed
W4406810396,W2884014654,Directed
W4409735925,W2884014654,Directed
W4409671398,W2884014654,Directed
W4415238555,W2884014654,Directed
W2946250653,W2884014654,Directed
W3205057941,W2884014654,Directed
W3129965309,W2884014654,Directed
W3208988339,W2884014654,Directed
W4284664815,W2884014654,Directed
W2981132250,W2884014654,Directed
W4221160810,W2884014654,Directed
W3030307455,W2884014654,Directed
W4385568172,W2884014654,Directed
W4387746293,W2884014654,Directed
W4388144113,W2884014654,Directed
W4306317262,W2884014654,Directed
W4396723397,W2884014654,Directed
W4306317501,W2884014654,Directed
W4319993445,W2884014654,Directed
W4392223764,W2884014654,Directed
W4401863620,W2884014654,Directed
W2968219216,W2884014654,Directed
W3136044184,W2884014654,Directed
W3196741022,W2884014654,Directed
W4323543517,W2884014654,Directed
W4367046931,W2884014654,Directed
W3030038433,W2884014654,Directed
W4362699246,W2884014654,Directed
W3046862666,W2884014654,Directed
W4400525605,W2884014654,Directed
W4403577908,W2884014654,Directed
W4311301024,W2884014654,Directed
W4404820029,W2884014654,Directed
W4416017961,W2884014654,Directed
W2972602663,W2884014654,Directed
W3138432682,W2884014654,Directed
W3169078680,W2884014654,Directed
W4396833537,W2884014654,Directed
W4400525956,W2884014654,Directed
W4205885563,W2884014654,Directed
W3001062969,W2884014654,Directed
W3037018073,W2884014654,Directed
W4298004926,W2884014654,Directed
W2973498951,W2884014654,Directed
W3208268490,W2884014654,Directed
W3162214559,W2884014654,Directed
W3018405522,W2884014654,Directed
W4281398746,W2884014654,Directed
W4385341340,W2884014654,Directed
W3211260283,W2884014654,Directed
W4200515062,W2884014654,Directed
W4295709332,W2884014654,Directed
W4386098549,W2884014654,Directed
W4390905948,W2884014654,Directed
W4409651777,W2884014654,Directed
W2968176158,W2884014654,Directed
W3115318699,W2884014654,Directed
W4402618534,W2884014654,Directed
W2933365060,W2884014654,Directed
W3208173499,W2884014654,Directed
W2974629682,W2884014654,Directed
W2962986227,W2884014654,Directed
W3001002082,W2884014654,Directed
W3036683340,W2884014654,Directed
W3108608289,W2884014654,Directed
W3158221126,W2884014654,Directed
W4288470987,W2884014654,Directed
W4312528806,W2884014654,Directed
W4401110843,W2884014654,Directed
W4404291198,W2884014654,Directed
W4408351685,W2884014654,Directed
W4412777183,W2884014654,Directed
W4413239027,W2884014654,Directed
W4415996129,W2884014654,Directed
W7117964768,W2884014654,Directed
W7134125443,W2884014654,Directed
W4402351139,W4399205408,Directed
W4396956802,W4399205408,Directed
W7140864240,W4399205408,Directed
W4390640507,W4306317022,Directed
W4385572193,W4306317022,Directed
W4401551614,W4306317022,Directed
W4368283499,W4306317022,Directed
W4393147893,W4306317022,Directed
W4375928829,W4306317022,Directed
W4390393145,W4306317022,Directed
W4407986287,W4306317022,Directed
W4401046945,W4306317022,Directed
W4389146766,W4306317022,Directed
W4387717527,W4306317022,Directed
W4396952095,W4306317022,Directed
W4408354560,W4306317022,Directed
W4386811781,W4306317022,Directed
W4403582411,W4306317022,Directed
W4407601767,W4306317022,Directed
W4413958901,W4306317022,Directed
W4415686254,W4306317022,Directed
W4407507573,W4306317022,Directed
W4392931789,W4306317022,Directed
W4413361206,W4306317022,Directed
W4321018697,W4306317022,Directed
W4401930404,W4306317022,Directed
W4403792015,W4306317022,Directed
W4411338297,W4306317022,Directed
W4414404756,W4306317022,Directed
W7117978991,W4306317022,Directed
W7137935619,W4306317022,Directed
W7138840110,W4306317022,Directed
W3002330681,W2954891557,Directed
W4312990315,W2954891557,Directed
W4386210136,W2954891557,Directed
W3003044879,W2954891557,Directed
W4312296169,W2954891557,Directed
W3164059432,W2954891557,Directed
W4285273736,W2954891557,Directed
W4312673707,W2954891557,Directed
W4410049554,W2954891557,Directed
W4243691762,W2954891557,Directed
W2999364305,W2954891557,Directed
W4213358103,W2954891557,Directed
W4396218959,W2954891557,Directed
W3049497312,W2954891557,Directed
W4310043864,W2954891557,Directed
W3199936256,W2954891557,Directed
W4312839192,W2954891557,Directed
W4399205563,W2954891557,Directed
W4297199102,W2954891557,Directed
W3200378215,W2954891557,Directed
W3045056960,W2954891557,Directed
W4399205774,W2954891557,Directed
W3001285583,W2954891557,Directed
W3085342654,W2954891557,Directed
W3119603962,W2954891557,Directed
W3046746480,W2954891557,Directed
W3189687289,W2954891557,Directed
W4226509292,W2954891557,Directed
W7130374703,W2954891557,Directed
W7134164358,W2954891557,Directed
W7155035650,W2954891557,Directed
W7117538756,W4409150456,Directed
W7117459248,W4409150456,Directed
W7125592083,W4409150456,Directed
W4410140047,W4409150456,Directed
W4410738605,W4409150456,Directed
W4412445246,W4409150456,Directed
W4414688295,W4409150456,Directed
W7117119982,W4409150456,Directed
W7135025888,W4409150456,Directed
W7155078647,W4409150456,Directed
W4413005500,W4409150456,Directed
W7119510110,W4409150456,Directed
W4416367678,W4409150456,Directed
W7124901996,W4409150456,Directed
W7127370637,W4409150456,Directed
W7131064258,W4409150456,Directed
W7131130900,W4409150456,Directed
W7134109892,W4409150456,Directed
W7152825326,W4409150456,Directed
W7155050952,W4409150456,Directed
W7155058220,W4409150456,Directed
W7155094955,W4409150456,Directed
W7160520424,W4409150456,Directed
W7160522594,W4409150456,Directed
W7161494390,W4409150456,Directed
W7162096642,W4409150456,Directed
W7164317168,W4409150456,Directed
W7164381951,W4409150456,Directed
W7164580985,W4409150456,Directed
W7165765226,W4409150456,Directed
W7166526800,W4409150456,Directed
W7166655788,W4409150456,Directed
W4415257619,W4399205385,Directed
W4410089687,W4399205385,Directed
W7154042916,W4399205385,Directed
W4386591587,W3208996364,Directed
W4290998251,W3208996364,Directed
W4380433159,W3208996364,Directed
W4387781773,W3208996364,Directed
W4389609547,W3208996364,Directed
W4413457439,W3208996364,Directed
W4400910536,W3208996364,Directed
W4405347014,W3208996364,Directed
W4281396256,W3208996364,Directed
W4378417403,W3208996364,Directed
W4225387549,W3208996364,Directed
W4400909521,W3208996364,Directed
W4413277548,W3208996364,Directed
W4411814762,W3208996364,Directed
W7127943838,W3208996364,Directed
W4400525493,W3208996364,Directed
W4318822975,W3208996364,Directed
W4401667663,W3208996364,Directed
W4392903133,W3208996364,Directed
W4391278215,W3208996364,Directed
W4405347161,W3208996364,Directed
W4411379349,W3208996364,Directed
W4413344496,W3208996364,Directed
W4413349837,W3208996364,Directed
W4413360576,W3208996364,Directed
W4414648183,W3208996364,Directed
W7161600806,W3208996364,Directed
W4393995244,W4385562787,Directed
W4408860092,W4385562787,Directed
W4402915722,W4385562787,Directed
W4404349462,W4385562787,Directed
W4410554084,W4385562787,Directed
W4417112759,W4385562787,Directed
W4387848781,W4385562787,Directed
W4413980052,W4385562787,Directed
W4393152366,W4385562787,Directed
W4406356538,W4385562787,Directed
W4415594817,W4385562787,Directed
W4417250146,W4385562787,Directed
W7138866714,W4385562787,Directed
W7150165354,W4385562787,Directed
W7161800189,W4385562787,Directed
W7117128594,W4412876997,Directed
W4392427626,W3122571625,Directed
W4313478339,W3122571625,Directed
W4380302039,W3122571625,Directed
W4296187582,W3122571625,Directed
W4375935023,W3122571625,Directed
W3093841183,W3122571625,Directed
W4323066597,W3122571625,Directed
W4416017165,W3122571625,Directed
W4360765033,W3122571625,Directed
W4285304108,W3122571625,Directed
W4385975554,W3122571625,Directed
W4387385218,W3122571625,Directed
W7124830454,W3122571625,Directed
W4406420619,W4399759109,Directed
W4417472729,W4399759109,Directed
W7117114719,W4399759109,Directed
W7124455683,W4399759109,Directed
W4387846565,W4306317084,Directed
W3134019350,W3127724956,Directed
W3197797356,W3127724956,Directed
W4411019357,W4412877155,Directed
W4417330884,W4412877155,Directed
W7106315590,W4412877155,Directed
W4415707474,W4412877155,Directed
W7127331226,W4412877155,Directed
W7154626611,W4412877155,Directed
W7165622990,W4412877155,Directed
W4415250280,W4412877155,Directed
W4416922527,W4412877155,Directed
W4417251970,W4412877155,Directed
W7117981457,W4412877155,Directed
W7125794163,W4412877155,Directed
W7131644128,W4412877155,Directed
W7154948007,W4412877155,Directed
W7162556521,W4412877155,Directed
W7162796448,W4412877155,Directed
W4413175758,W4403577800,Directed
W7133532143,W4403577800,Directed
W4409735421,W4403578214,Directed
W4411692091,W4403578214,Directed
W7127650232,W4403578214,Directed
W4415256272,W4403578214,Directed
W7128476314,W4403578214,Directed
W7108340679,W4403578214,Directed
W7154001076,W4403578214,Directed
W7154126469,W4403578214,Directed
W4415708437,W4403578214,Directed
W4415763854,W4403578214,Directed
W4416839590,W4403578214,Directed
W4417198061,W4403578214,Directed
W7163012419,W4403578214,Directed
W7163682555,W4403578214,Directed
W7166015140,W4403578214,Directed
W4408146288,W4399554035,Directed
W4410068992,W4399554035,Directed
W4415630197,W4399554035,Directed
W4417098988,W4399554035,Directed
W4416733109,W4399554035,Directed
W4414547359,W4399554035,Directed
W4409800492,W4399554035,Directed
W7124911798,W4399554035,Directed
W4407813665,W4399554035,Directed
W4416956868,W4399554035,Directed
W4405600243,W4399554035,Directed
W4411947279,W4399554035,Directed
W4414585655,W4399554035,Directed
W4415747934,W4399554035,Directed
W4416249484,W4399554035,Directed
W4416403019,W4399554035,Directed
W7124930076,W4399554035,Directed
W7127656240,W4399554035,Directed
W7135244903,W4399554035,Directed
W7139031027,W4399554035,Directed
W7164315404,W4399554035,Directed
W7167710129,W4399554035,Directed
W4414715673,W4411120888,Directed
W7139939467,W4411120888,Directed
W7133493631,W4411120727,Directed
W7162670799,W4411120727,Directed
W7131649112,W4412875449,Directed
W7163519326,W4412875449,Directed
W7125924337,W4416017176,Directed
W4411144440,W3209803105,Directed
W4385724657,W3209803105,Directed
W4407613287,W3209803105,Directed
W4388860698,W3209803105,Directed
W4399368794,W3209803105,Directed
W4416415738,W3209803105,Directed
W3120491054,W2983867426,Directed
W3080922200,W2983867426,Directed
W4297477913,W2983867426,Directed
W4281935531,W2983867426,Directed
W3024647820,W2983867426,Directed
W3094451405,W2983867426,Directed
W3108531607,W2983867426,Directed
W3153600274,W2983867426,Directed
W3099183794,W2983867426,Directed
W3023239493,W2983867426,Directed
W4399081525,W2983867426,Directed
W4322096683,W2983867426,Directed
W4312918179,W2983867426,Directed
W4226039633,W2983867426,Directed
W4403582462,W2983867426,Directed
W3135115073,W2983867426,Directed
W3210660313,W2983867426,Directed
W4389881281,W2983867426,Directed
W3003897916,W2983867426,Directed
W3023665753,W2983867426,Directed
W3210729101,W2983867426,Directed
W3103753037,W2983867426,Directed
W3114961909,W2983867426,Directed
W3129321070,W2983867426,Directed
W4388713415,W2983867426,Directed
W4398780934,W2983867426,Directed
W4398791151,W2983867426,Directed
W7155200753,W4412875478,Directed
W7157318184,W4412876883,Directed
W7125579392,W4412876883,Directed
W7117320385,W4412876883,Directed
W7139087593,W4412876883,Directed
W4415672323,W4412876883,Directed
W7160711942,W4412876883,Directed
W7162788334,W4412876883,Directed
W7162936211,W4412876883,Directed
W7163547851,W4412876883,Directed
W7164538463,W4412876883,Directed
W4412536300,W4387847127,Directed
W4313275632,W4312293558,Directed
W4397288983,W4312293558,Directed
W4401888960,W4312293558,Directed
W4396239907,W4312293558,Directed
W4399205387,W4312293558,Directed
W4394902770,W4312293558,Directed
W7161122356,W4312293558,Directed
W7161123206,W4312293558,Directed
W7161138938,W4312293558,Directed
W7161138982,W4312293558,Directed
W7161145352,W4312293558,Directed
W7161149411,W4312293558,Directed
W7161156252,W4312293558,Directed
W7161162607,W4312293558,Directed
W7161164895,W4312293558,Directed
W7161174048,W4312293558,Directed
W4403755459,W4399205967,Directed
W4404967123,W4399205967,Directed
W4416404094,W4399205967,Directed
W7167690638,W4387846475,Directed
W4386076098,W3168114125,Directed
W4392971772,W3168114125,Directed
W4386071621,W3168114125,Directed
W4393159738,W3168114125,Directed
W4396788545,W3168114125,Directed
W4383197786,W3168114125,Directed
W4390825351,W3168114125,Directed
W4396694695,W3168114125,Directed
W4405430242,W3168114125,Directed
W4319978761,W3168114125,Directed
W4408359672,W3168114125,Directed
W4400439110,W3168114125,Directed
W4411867278,W3168114125,Directed
W4323349107,W3168114125,Directed
W4409262733,W3168114125,Directed
W4375928959,W3168114125,Directed
W4400579653,W3168114125,Directed
W4404672363,W3168114125,Directed
W4399022044,W3168114125,Directed
W4386621319,W3168114125,Directed
W4388823129,W3168114125,Directed
W4398776604,W3168114125,Directed
W4404238723,W3168114125,Directed
W4409063515,W3168114125,Directed
W4412871377,W3168114125,Directed
W4412875488,W3168114125,Directed
W4415361805,W3168114125,Directed
W4417105725,W3168114125,Directed
W7129032026,W3168114125,Directed
W3045117433,W3167312943,Directed
W4317767738,W3167312943,Directed
W3185475042,W3167312943,Directed
W4386121228,W3167312943,Directed
W4386043310,W3167312943,Directed
W4400087566,W3167312943,Directed
W4385574151,W3167312943,Directed
W4391540445,W3167312943,Directed
W4410789128,W3167312943,Directed
W4410483661,W3167312943,Directed
W4396917780,W3167312943,Directed
W4226208930,W3167312943,Directed
W4410648977,W3167312943,Directed
W4368251098,W3167312943,Directed
W4379374490,W3167312943,Directed
W4400937205,W3167312943,Directed
W4406740235,W3167312943,Directed
W4407303269,W3167312943,Directed
W4408005192,W3167312943,Directed
W4409479662,W3167312943,Directed
W4411404796,W3167312943,Directed
W4412943835,W3167312943,Directed
W4414614568,W3167312943,Directed
W4416852103,W3167312943,Directed
W7161625362,W3167312943,Directed
W7162997163,W3167312943,Directed
W7164528164,W3167312943,Directed
W3093376271,W2620804031,Directed
W2954112064,W2620804031,Directed
W3119150429,W2620804031,Directed
W2886207451,W2620804031,Directed
W2894660299,W2620804031,Directed
W3122784169,W2620804031,Directed
W2811401084,W2620804031,Directed
W3100710649,W2620804031,Directed
W4210712563,W2620804031,Directed
W4386900170,W2620804031,Directed
W4393234941,W2620804031,Directed
W4402283305,W2620804031,Directed
W4414095533,W2620804031,Directed
W2888655375,W2620804031,Directed
W2837922975,W2620804031,Directed
W2888514719,W2620804031,Directed
W4214823072,W2620804031,Directed
W4384203061,W2620804031,Directed
W4390636077,W2620804031,Directed
W4405476524,W2620804031,Directed
W4312769147,W2620804031,Directed
W3003544911,W2620804031,Directed
W2799080048,W2620804031,Directed
W3005945736,W2620804031,Directed
W3162526836,W2620804031,Directed
W4285018449,W2620804031,Directed
W4387461636,W2620804031,Directed
W2942679247,W2620804031,Directed
W2999427519,W2620804031,Directed
W3039579756,W2620804031,Directed
W4386959015,W2620804031,Directed
W2904592483,W2620804031,Directed
W2992381751,W2620804031,Directed
W4389087872,W2620804031,Directed
W2957722016,W2620804031,Directed
W4247157229,W2620804031,Directed
W2883460846,W2620804031,Directed
W3124516797,W2620804031,Directed
W4398771209,W2620804031,Directed
W3175179100,W2620804031,Directed
W4295925413,W2620804031,Directed
W4388102363,W2620804031,Directed
W4396820477,W2620804031,Directed
W4414376322,W2620804031,Directed
W4414590116,W2620804031,Directed
W4416216606,W2620804031,Directed
W7155213206,W2620804031,Directed
W7166839374,W2620804031,Directed
W4415179152,W4387847123,Directed
W4412591525,W4387847123,Directed
W4392964256,W4306317066,Directed
W4412376923,W4306317066,Directed
W7125713977,W4306317066,Directed
W4410706009,W4306317066,Directed
W4403640394,W4306317066,Directed
W4400106827,W4306317066,Directed
W4404932874,W4306317066,Directed
W4405144017,W4306317066,Directed
W4407953147,W4306317066,Directed
W4408689058,W4306317066,Directed
W7160089016,W4402427449,Directed
W4385615086,W4385567856,Directed
W4402054386,W4385567856,Directed
W4386275539,W4385567856,Directed
W4400228819,W4385567856,Directed
W4390874621,W4385567856,Directed
W4389403234,W4385567856,Directed
W4401098504,W4385567856,Directed
W4405175807,W4385567856,Directed
W4408914054,W4385567856,Directed
W4404756029,W4385567856,Directed
W4409760783,W4385567856,Directed
W4410114757,W4385567856,Directed
W4408361606,W4385567856,Directed
W4401596672,W4385567856,Directed
W4404600556,W4385567856,Directed
W4404788426,W4385567856,Directed
W4403791346,W4385567856,Directed
W4406457895,W4385567856,Directed
W4414197567,W4385567856,Directed
W4410858598,W4385567856,Directed
W4410089374,W4385567856,Directed
W4412106036,W4385567856,Directed
W4412875538,W4385567856,Directed
W4408790807,W4385567856,Directed
W4412444505,W4385567856,Directed
W7124147705,W4385567856,Directed
W4402157714,W4385567856,Directed
W4408145149,W4385567856,Directed
W4408860252,W4385567856,Directed
W4401541626,W4385567856,Directed
W4403986835,W4385567856,Directed
W4403577775,W4385567856,Directed
W4404809929,W4385567856,Directed
W4406080510,W4385567856,Directed
W4411948626,W4385567856,Directed
W4412470687,W4385567856,Directed
W4406457987,W4385567856,Directed
W4412447724,W4385567856,Directed
W4413679982,W4385567856,Directed
W4405812056,W4385567856,Directed
W4411635429,W4385567856,Directed
W4406169160,W4385567856,Directed
W4410547806,W4385567856,Directed
W4408402348,W4385567856,Directed
W4410343037,W4385567856,Directed
W4384934884,W4385567856,Directed
W4380136970,W4385567856,Directed
W4413469578,W4385567856,Directed
W4405314568,W4385567856,Directed
W4405869314,W4385567856,Directed
W4406661910,W4385567856,Directed
W4407612132,W4385567856,Directed
W4409103220,W4385567856,Directed
W4410772636,W4385567856,Directed
W4412418117,W4385567856,Directed
W4412746049,W4385567856,Directed
W4412987020,W4385567856,Directed
W4414748945,W4385567856,Directed
W4415065004,W4385567856,Directed
W4415419744,W4385567856,Directed
W4416017700,W4385567856,Directed
W4416513756,W4385567856,Directed
W7134887304,W4385567856,Directed
W7139136841,W4385567856,Directed
W7139930581,W4385567856,Directed
W7152120576,W4385567856,Directed
W7155108076,W4385567856,Directed
W7160385477,W4385567856,Directed
W7160845032,W4385567856,Directed
W7161943575,W4385567856,Directed
W7162564957,W4385567856,Directed
W7162946624,W4385567856,Directed
W2914417081,W2621010329,Directed
W4409746205,W2621010329,Directed
W3120089756,W2621010329,Directed
W2884770197,W2621010329,Directed
W3209844714,W2621010329,Directed
W3200990363,W2621010329,Directed
W2985332770,W2621010329,Directed
W3206978869,W2621010329,Directed
W4387331315,W2621010329,Directed
W4404363733,W2621010329,Directed
W4389692470,W2621010329,Directed
W3179115535,W2621010329,Directed
W2929488662,W2621010329,Directed
W2811440601,W2621010329,Directed
W2833223977,W2621010329,Directed
W3118928812,W2621010329,Directed
W2952683347,W2621010329,Directed
W2779393660,W2621010329,Directed
W2973626281,W2621010329,Directed
W3046917247,W2621010329,Directed
W4280512846,W2621010329,Directed
W7134276001,W2621010329,Directed
W4387185240,W3094054293,Directed
W4412875496,W4401863947,Directed
W4412693416,W4401863947,Directed
W7123341362,W4401863947,Directed
W4407737084,W4401863947,Directed
W4407127924,W4401863947,Directed
W4416428015,W4401863947,Directed
W4414039849,W4401863947,Directed
W4416233018,W4401863947,Directed
W4412098977,W4401863947,Directed
W4415710527,W4401863947,Directed
W7117234219,W4401863947,Directed
W7127177898,W4401863947,Directed
W7129042768,W4401863947,Directed
W4408565792,W4401863947,Directed
W4411447274,W4401863947,Directed
W4404242983,W4401863947,Directed
W4411447111,W4401863947,Directed
W4411447356,W4401863947,Directed
W4411468762,W4401863947,Directed
W4408862906,W4401863947,Directed
W4410356564,W4401863947,Directed
W4411447278,W4401863947,Directed
W4411447457,W4401863947,Directed
W4413348221,W4401863947,Directed
W4414055076,W4401863947,Directed
W4415971128,W4401863947,Directed
W4416018058,W4401863947,Directed
W4416232566,W4401863947,Directed
W4416252150,W4401863947,Directed
W7117993707,W4401863947,Directed
W7126263181,W4401863947,Directed
W7131096547,W4401863947,Directed
W7131371929,W4401863947,Directed
W7134055300,W4401863947,Directed
W7134172077,W4401863947,Directed
W7148541929,W4401863947,Directed
W7164444090,W4401863947,Directed
W7167728725,W4401863947,Directed
W4382239960,W3208543775,Directed
W4313558118,W3208543775,Directed
W4396723396,W3208543775,Directed
W4387846842,W3208543775,Directed
W4306317487,W3208543775,Directed
W4294977709,W3208543775,Directed
W4405425744,W3208543775,Directed
W4403319954,W3208543775,Directed
W4385568035,W3208543775,Directed
W4382239994,W3208543775,Directed
W4387999295,W3208543775,Directed
W4385567878,W3208543775,Directed
W4392499463,W3208543775,Directed
W4393180038,W3208543775,Directed
W4392453885,W3208543775,Directed
W4384891661,W3208543775,Directed
W4386729348,W3208543775,Directed
W4391467407,W3208543775,Directed
W4400976979,W3208543775,Directed
W4403780857,W3208543775,Directed
W4393118480,W3208543775,Directed
W4396604745,W3208543775,Directed
W4403577345,W3208543775,Directed
W4410636388,W3208543775,Directed
W4396758727,W3208543775,Directed
W4414034851,W3208543775,Directed
W4412377966,W3208543775,Directed
W4414410785,W3208543775,Directed
W4416017294,W3208543775,Directed
W4384643633,W3208543775,Directed
W4387846651,W3208543775,Directed
W4384648951,W3208543775,Directed
W4297491383,W3208543775,Directed
W4403577831,W3208543775,Directed
W4406679564,W3208543775,Directed
W4409149648,W3208543775,Directed
W4412455477,W3208543775,Directed
W4412826039,W3208543775,Directed
W4416017474,W3208543775,Directed
W4382203129,W3208543775,Directed
W4386729699,W3208543775,Directed
W4391428174,W3208543775,Directed
W4392929872,W3208543775,Directed
W4399881347,W3208543775,Directed
W4412877025,W3208543775,Directed
W4414544655,W3208543775,Directed
W4387846697,W3208543775,Directed
W4414034768,W3208543775,Directed
W4385286457,W3208543775,Directed
W4382317807,W3208543775,Directed
W4403220869,W3208543775,Directed
W4403319935,W3208543775,Directed
W4414449234,W3208543775,Directed
W4391021392,W3208543775,Directed
W4403319934,W3208543775,Directed
W4386798134,W3208543775,Directed
W4390502719,W3208543775,Directed
W4391423902,W3208543775,Directed
W4393201593,W3208543775,Directed
W4396843950,W3208543775,Directed
W4399050646,W3208543775,Directed
W4401628755,W3208543775,Directed
W4405272559,W3208543775,Directed
W4407507041,W3208543775,Directed
W4407601646,W3208543775,Directed
W4411550044,W3208543775,Directed
W4414054553,W3208543775,Directed
W4304775261,W3208543775,Directed
W4313348997,W3208543775,Directed
W4387847069,W3208543775,Directed
W4390453522,W3208543775,Directed
W4206038241,W3208543775,Directed
W4312090135,W3208543775,Directed
W4317928361,W3208543775,Directed
W4387913066,W3208543775,Directed
W4387913102,W3208543775,Directed
W4387913166,W3208543775,Directed
W4388340535,W3208543775,Directed
W4390453538,W3208543775,Directed
W4392489944,W3208543775,Directed
W4396843821,W3208543775,Directed
W4403306973,W3208543775,Directed
W4407953071,W3208543775,Directed
W4410636766,W3208543775,Directed
W4412377953,W3208543775,Directed
W4412926083,W3208543775,Directed
W4413360517,W3208543775,Directed
W4413592351,W3208543775,Directed
W4414054611,W3208543775,Directed
W4414229440,W3208543775,Directed
W4415244434,W3208543775,Directed
W4415374254,W3208543775,Directed
W4415524177,W3208543775,Directed
W4416958851,W3208543775,Directed
W7129071096,W3208543775,Directed
W7147699447,W3208543775,Directed
W7155058301,W3208543775,Directed
W7159762454,W3208543775,Directed
W7128061190,W4416016571,Directed
W7153068499,W4416016571,Directed
W2946885273,W2798683079,Directed
W3086607052,W2798683079,Directed
W2998997307,W2798683079,Directed
W2999678654,W2798683079,Directed
W2963947170,W2798683079,Directed
W2945813598,W2798683079,Directed
W3045468501,W2798683079,Directed
W3152475593,W2798683079,Directed
W3158476646,W2798683079,Directed
W3198897329,W2798683079,Directed
W3150521545,W2798683079,Directed
W3175294292,W2798683079,Directed
W4385567856,W2798683079,Directed
W4298325715,W2798683079,Directed
W2990142701,W2798683079,Directed
W4291016861,W2798683079,Directed
W3088417321,W2798683079,Directed
W3204868648,W2798683079,Directed
W3166154295,W2798683079,Directed
W2946820826,W2798683079,Directed
W2992430691,W2798683079,Directed
W3120217483,W2798683079,Directed
W3216542025,W2798683079,Directed
W3096636506,W2798683079,Directed
W4386254667,W2798683079,Directed
W2995668814,W2798683079,Directed
W4312947916,W2798683079,Directed
W3041011740,W2798683079,Directed
W4293733635,W2798683079,Directed
W3169783907,W2798683079,Directed
W4306377771,W2798683079,Directed
W4312763117,W2798683079,Directed
W3174020389,W2798683079,Directed
W4399767674,W2798683079,Directed
W4402727638,W2798683079,Directed
W4319997905,W2798683079,Directed
W4321384499,W2798683079,Directed
W4396768561,W2798683079,Directed
W4381165370,W2798683079,Directed
W4211023843,W2798683079,Directed
W4400724501,W2798683079,Directed
W4401098504,W2798683079,Directed
W4393320647,W2798683079,Directed
W4400569726,W2798683079,Directed
W4408914054,W2798683079,Directed
W4367047111,W2798683079,Directed
W4400723015,W2798683079,Directed
W4415539809,W2798683079,Directed
W4402390831,W2798683079,Directed
W4406243027,W2798683079,Directed
W4389520709,W2798683079,Directed
W4406949833,W2798683079,Directed
W4404197966,W2798683079,Directed
W4409411815,W2798683079,Directed
W4408361606,W2798683079,Directed
W4401552326,W2798683079,Directed
W2963555187,W2798683079,Directed
W3010992329,W2798683079,Directed
W3003307204,W2798683079,Directed
W3033691877,W2798683079,Directed
W3047799303,W2798683079,Directed
W3046650820,W2798683079,Directed
W3005806486,W2798683079,Directed
W4312341731,W2798683079,Directed
W4298007608,W2798683079,Directed
W3029802725,W2798683079,Directed
W3037260988,W2798683079,Directed
W4361197640,W2798683079,Directed
W3041417475,W2798683079,Directed
W4281763625,W2798683079,Directed
W4385490804,W2798683079,Directed
W4293193531,W2798683079,Directed
W4384080275,W2798683079,Directed
W4304092002,W2798683079,Directed
W3217242320,W2798683079,Directed
W4205335327,W2798683079,Directed
W4206273959,W2798683079,Directed
W4366957355,W2798683079,Directed
W4384157303,W2798683079,Directed
W4386750004,W2798683079,Directed
W4401946028,W2798683079,Directed
W3209700195,W2798683079,Directed
W3143120276,W2798683079,Directed
W4365508917,W2798683079,Directed
W4380319940,W2798683079,Directed
W3081094341,W2798683079,Directed
W4391909577,W2798683079,Directed
W4396626270,W2798683079,Directed
W4396723401,W2798683079,Directed
W4407405944,W2798683079,Directed
W4312925207,W2798683079,Directed
W4382285084,W2798683079,Directed
W4399914678,W2798683079,Directed
W4285891708,W2798683079,Directed
W4396736206,W2798683079,Directed
W4400188318,W2798683079,Directed
W4402459890,W2798683079,Directed
W4380302068,W2798683079,Directed
W4385573039,W2798683079,Directed
W4392846673,W2798683079,Directed
W4404978689,W2798683079,Directed
W4408302211,W2798683079,Directed
W4391406263,W2798683079,Directed
W4396230915,W2798683079,Directed
W4402262570,W2798683079,Directed
W4404207760,W2798683079,Directed
W4406914260,W2798683079,Directed
W4402716380,W2798683079,Directed
W4401324062,W2798683079,Directed
W4402225385,W2798683079,Directed
W4390722318,W2798683079,Directed
W4411927557,W2798683079,Directed
W4414400043,W2798683079,Directed
W4402474726,W2798683079,Directed
W4403123260,W2798683079,Directed
W4405739969,W2798683079,Directed
W4406245451,W2798683079,Directed
W4408697844,W2798683079,Directed
W4412875538,W2798683079,Directed
W4412444505,W2798683079,Directed
W4416192216,W2798683079,Directed
W4410419358,W2798683079,Directed
W4413556294,W2798683079,Directed
W7124147705,W2798683079,Directed
W2932336073,W2798683079,Directed
W3034314572,W2798683079,Directed
W3092786668,W2798683079,Directed
W4283799550,W2798683079,Directed
W3216770425,W2798683079,Directed
W3094623992,W2798683079,Directed
W3201524889,W2798683079,Directed
W3015519598,W2798683079,Directed
W4281797003,W2798683079,Directed
W3092684864,W2798683079,Directed
W3214613482,W2798683079,Directed
W4206414329,W2798683079,Directed
W4224309307,W2798683079,Directed
W4312393471,W2798683079,Directed
W4362668275,W2798683079,Directed
W4388513663,W2798683079,Directed
W3211483158,W2798683079,Directed
W4300101319,W2798683079,Directed
W4391545860,W2798683079,Directed
W4383552132,W2798683079,Directed
W4385573470,W2798683079,Directed
W4403331485,W2798683079,Directed
W4406444875,W2798683079,Directed
W4210572116,W2798683079,Directed
W4385250243,W2798683079,Directed
W4386381168,W2798683079,Directed
W4200609229,W2798683079,Directed
W4312805932,W2798683079,Directed
W4385574030,W2798683079,Directed
W4386361519,W2798683079,Directed
W4386646184,W2798683079,Directed
W4387677225,W2798683079,Directed
W4387913038,W2798683079,Directed
W4391770046,W2798683079,Directed
W4403674549,W2798683079,Directed
W4290000739,W2798683079,Directed
W4387878487,W2798683079,Directed
W4406371465,W2798683079,Directed
W4410923512,W2798683079,Directed
W4399740078,W2798683079,Directed
W4402407209,W2798683079,Directed
W4404868392,W2798683079,Directed
W4406080510,W2798683079,Directed
W4410601021,W2798683079,Directed
W4412683990,W2798683079,Directed
W4413874837,W2798683079,Directed
W7131354903,W2798683079,Directed
W4399435792,W2798683079,Directed
W4406459696,W2798683079,Directed
W4409378639,W2798683079,Directed
W4410896985,W2798683079,Directed
W4411232365,W2798683079,Directed
W4411485499,W2798683079,Directed
W4411599548,W2798683079,Directed
W4414497975,W2798683079,Directed
W7124205336,W2798683079,Directed
W2911128259,W2798683079,Directed
W3137361708,W2798683079,Directed
W2958942187,W2798683079,Directed
W3042134271,W2798683079,Directed
W3198214341,W2798683079,Directed
W4319300185,W2798683079,Directed
W3198212331,W2798683079,Directed
W4226320713,W2798683079,Directed
W3096828317,W2798683079,Directed
W3130359979,W2798683079,Directed
W3181170650,W2798683079,Directed
W4282840510,W2798683079,Directed
W4390055508,W2798683079,Directed
W3022508977,W2798683079,Directed
W3174954143,W2798683079,Directed
W4362667669,W2798683079,Directed
W4387677705,W2798683079,Directed
W4388426037,W2798683079,Directed
W4390446572,W2798683079,Directed
W4391235391,W2798683079,Directed
W4393079504,W2798683079,Directed
W3208785409,W2798683079,Directed
W3217139354,W2798683079,Directed
W4281556145,W2798683079,Directed
W4324137502,W2798683079,Directed
W4390872527,W2798683079,Directed
W4391769411,W2798683079,Directed
W4409218778,W2798683079,Directed
W4378419978,W2798683079,Directed
W4400416032,W2798683079,Directed
W4404238475,W2798683079,Directed
W4409262344,W2798683079,Directed
W4408771623,W2798683079,Directed
W4411120900,W2798683079,Directed
W4411635429,W2798683079,Directed
W4416776207,W2798683079,Directed
W7125596214,W2798683079,Directed
W7125780015,W2798683079,Directed
W7134814343,W2798683079,Directed
W2958670508,W2798683079,Directed
W3015826981,W2798683079,Directed
W3089364242,W2798683079,Directed
W3167322753,W2798683079,Directed
W4288447583,W2798683079,Directed
W4385488696,W2798683079,Directed
W2996795042,W2798683079,Directed
W3130087813,W2798683079,Directed
W4287890959,W2798683079,Directed
W4367046861,W2798683079,Directed
W4367047081,W2798683079,Directed
W4393929058,W2798683079,Directed
W2990605468,W2798683079,Directed
W4309182887,W2798683079,Directed
W4361732123,W2798683079,Directed
W4387211911,W2798683079,Directed
W4394817115,W2798683079,Directed
W4406169160,W2798683079,Directed
W3086388194,W2798683079,Directed
W4285181777,W2798683079,Directed
W4400167888,W2798683079,Directed
W4304208328,W2798683079,Directed
W4317564607,W2798683079,Directed
W4393372706,W2798683079,Directed
W4396510285,W2798683079,Directed
W4387169904,W2798683079,Directed
W4401072054,W2798683079,Directed
W4403262702,W2798683079,Directed
W4404323353,W2798683079,Directed
W4405846688,W2798683079,Directed
W4406394813,W2798683079,Directed
W4409025737,W2798683079,Directed
W4409160005,W2798683079,Directed
W4415541087,W2798683079,Directed
W3044665505,W2798683079,Directed
W3089817689,W2798683079,Directed
W3106191606,W2798683079,Directed
W4242879309,W2798683079,Directed
W2960576149,W2798683079,Directed
W2995083087,W2798683079,Directed
W2997224115,W2798683079,Directed
W3184180327,W2798683079,Directed
W3215135686,W2798683079,Directed
W4285130441,W2798683079,Directed
W4317896924,W2798683079,Directed
W4389143158,W2798683079,Directed
W4391306831,W2798683079,Directed
W4399103094,W2798683079,Directed
W4399390200,W2798683079,Directed
W4388722365,W2798683079,Directed
W4384824647,W2798683079,Directed
W4311910675,W2798683079,Directed
W4321458798,W2798683079,Directed
W4385690609,W2798683079,Directed
W4389869163,W2798683079,Directed
W3193088764,W2798683079,Directed
W3209198477,W2798683079,Directed
W4200028789,W2798683079,Directed
W4200529912,W2798683079,Directed
W4206271015,W2798683079,Directed
W4213049684,W2798683079,Directed
W4321790044,W2798683079,Directed
W4362499035,W2798683079,Directed
W4376470623,W2798683079,Directed
W4386655615,W2798683079,Directed
W4387225935,W2798683079,Directed
W4389518919,W2798683079,Directed
W4390570442,W2798683079,Directed
W4393309995,W2798683079,Directed
W4396678298,W2798683079,Directed
W4401185117,W2798683079,Directed
W4401339159,W2798683079,Directed
W4402129472,W2798683079,Directed
W4402917104,W2798683079,Directed
W4403186853,W2798683079,Directed
W4403638294,W2798683079,Directed
W4403780668,W2798683079,Directed
W4403791973,W2798683079,Directed
W4403913144,W2798683079,Directed
W4403982772,W2798683079,Directed
W4404029937,W2798683079,Directed
W4404192576,W2798683079,Directed
W4405384186,W2798683079,Directed
W4405838452,W2798683079,Directed
W4406548053,W2798683079,Directed
W4407577318,W2798683079,Directed
W4409258205,W2798683079,Directed
W4409295789,W2798683079,Directed
W4409551092,W2798683079,Directed
W4410117307,W2798683079,Directed
W4410356695,W2798683079,Directed
W4410721466,W2798683079,Directed
W4411191037,W2798683079,Directed
W4411842259,W2798683079,Directed
W4412687264,W2798683079,Directed
W4412802492,W2798683079,Directed
W4413121645,W2798683079,Directed
W4413319339,W2798683079,Directed
W4413513641,W2798683079,Directed
W4415004242,W2798683079,Directed
W4415149194,W2798683079,Directed
W4415708933,W2798683079,Directed
W4415932546,W2798683079,Directed
W4416137209,W2798683079,Directed
W7116859523,W2798683079,Directed
W7117479044,W2798683079,Directed
W7118178955,W2798683079,Directed
W7124468824,W2798683079,Directed
W7125148348,W2798683079,Directed
W7125773059,W2798683079,Directed
W7125814477,W2798683079,Directed
W7127345469,W2798683079,Directed
W7127615826,W2798683079,Directed
W7128050493,W2798683079,Directed
W7133212853,W2798683079,Directed
W7133805210,W2798683079,Directed
W7135183461,W2798683079,Directed
W7139995809,W2798683079,Directed
W7140477168,W2798683079,Directed
W7147297267,W2798683079,Directed
W7151268894,W2798683079,Directed
W7155075105,W2798683079,Directed
W7155078741,W2798683079,Directed
W7155092701,W2798683079,Directed
W7160699446,W2798683079,Directed
W7161474197,W2798683079,Directed
W7161474901,W2798683079,Directed
W7161479589,W2798683079,Directed
W7161481675,W2798683079,Directed
W7161485908,W2798683079,Directed
W7161491871,W2798683079,Directed
W7161559645,W2798683079,Directed
W7162432553,W2798683079,Directed
W7162541530,W2798683079,Directed
W7162678098,W2798683079,Directed
W7163578398,W2798683079,Directed
W7163874243,W2798683079,Directed
W7164492016,W2798683079,Directed
W7165791796,W2798683079,Directed
W7167689830,W2798683079,Directed
W3149308051,W3094402900,Directed
W4408930350,W3094402900,Directed
W3208134680,W3094402900,Directed
W3154821691,W3094402900,Directed
W4387848932,W3094402900,Directed
W4327644611,W3094402900,Directed
W7141376530,W3094402900,Directed
W4386390750,W3093990910,Directed
W4228999944,W3093990910,Directed
W4396518463,W3093990910,Directed
W4321495977,W3093990910,Directed
W3217136858,W3093990910,Directed
W4385990958,W3093990910,Directed
W3212021596,W3093990910,Directed
W4393161183,W3093990910,Directed
W4405939956,W3093990910,Directed
W4307206736,W3093990910,Directed
W3209378439,W3093990910,Directed
W4382520168,W4306317908,Directed
W4406632854,W4306317908,Directed
W4399121933,W4399205394,Directed
W4417076522,W4399205394,Directed
W4402075046,W4399205394,Directed
W4407277219,W4399205394,Directed
W4415282304,W4399205394,Directed
W4415259391,W4399205394,Directed
W4389520372,W4399205394,Directed
W4414978543,W4399205394,Directed
W4403734543,W4399205394,Directed
W4414019716,W4399205394,Directed
W7167794015,W4399205394,Directed
W4415367669,W4399205394,Directed
W4385474047,W4399205394,Directed
W4388184878,W4399205394,Directed
W4396869464,W4399205394,Directed
W4398152016,W4399205394,Directed
W4413044389,W4399205394,Directed
W4414050479,W4399205394,Directed
W4388308317,W4399205394,Directed
W4412622316,W4399205394,Directed
W4415250944,W4399205394,Directed
W4415256704,W4399205394,Directed
W4416251432,W4399205394,Directed
W4416257984,W4399205394,Directed
W7140127216,W4399205394,Directed
W7154689640,W4399205394,Directed
W7161628916,W4399205394,Directed
W7166323171,W4399205394,Directed
W3049488969,W4313195819,Directed
W4319966514,W4313195819,Directed
W3200286571,W4313195819,Directed
W4360602683,W4313195819,Directed
W3003836855,W4313195819,Directed
W4224310546,W4313195819,Directed
W4388673040,W4313195819,Directed
W4389352674,W4313195819,Directed
W4378602199,W4313195819,Directed
W4318043837,W4313195819,Directed
W4386420896,W4313195819,Directed
W4399978844,W4313195819,Directed
W7118132038,W4313195819,Directed
W4414181069,W4313195819,Directed
W3003044879,W4313195819,Directed
W3021927925,W4313195819,Directed
W4205306715,W4313195819,Directed
W4224058672,W4313195819,Directed
W3091910685,W4313195819,Directed
W4379280539,W4313195819,Directed
W4362559126,W4313195819,Directed
W4361806984,W4313195819,Directed
W4391836808,W4313195819,Directed
W4380990945,W4313195819,Directed
W4409014239,W4313195819,Directed
W4385983898,W4313195819,Directed
W4396982356,W4313195819,Directed
W4402925769,W4313195819,Directed
W4408095094,W4313195819,Directed
W4410265499,W4313195819,Directed
W4281904876,W4313195819,Directed
W3217367332,W4313195819,Directed
W4221144317,W4313195819,Directed
W4386882885,W4313195819,Directed
W3210626751,W4313195819,Directed
W4234141743,W4313195819,Directed
W4282833194,W4313195819,Directed
W4404731700,W4313195819,Directed
W4395109839,W4313195819,Directed
W4388811721,W4313195819,Directed
W4393103082,W4313195819,Directed
W4413222955,W4313195819,Directed
W3179373019,W4313195819,Directed
W4297325298,W4313195819,Directed
W4211047666,W4313195819,Directed
W4377565969,W4313195819,Directed
W4389861912,W4313195819,Directed
W4413227421,W4313195819,Directed
W4387872842,W4313195819,Directed
W4392944108,W4313195819,Directed
W4385499159,W4313195819,Directed
W4407900853,W4313195819,Directed
W4409724440,W4313195819,Directed
W4366069960,W4313195819,Directed
W4402353521,W4313195819,Directed
W3163564123,W4313195819,Directed
W3183694778,W4313195819,Directed
W4200504484,W4313195819,Directed
W4211187271,W4313195819,Directed
W4302759397,W4313195819,Directed
W4393078416,W4313195819,Directed
W4399041202,W4313195819,Directed
W4405582721,W4313195819,Directed
W4416593585,W4313195819,Directed
W7117150262,W4313195819,Directed
W7124849360,W4313195819,Directed
W7128523205,W4313195819,Directed
W3102485856,W2767845755,Directed
W3203440807,W2767845755,Directed
W3200776964,W2767845755,Directed
W4391759383,W2767845755,Directed
W4399205715,W2767845755,Directed
W3003044879,W2767845755,Directed
W3154409918,W2767845755,Directed
W2958044411,W2767845755,Directed
W3202317157,W2767845755,Directed
W2953895706,W2767845755,Directed
W3084566483,W2767845755,Directed
W4323314889,W2767845755,Directed
W3022521493,W2767845755,Directed
W4229026743,W2767845755,Directed
W4399205958,W2767845755,Directed
W2899355410,W2767845755,Directed
W4386858886,W2767845755,Directed
W3185514130,W2767845755,Directed
W4403389859,W2767845755,Directed
W4393008953,W2767845755,Directed
W4315567713,W2767845755,Directed
W4288681509,W2767845755,Directed
W3163145966,W2767845755,Directed
W4281783403,W2767845755,Directed
W4286727908,W2767845755,Directed
W4404721958,W2767845755,Directed
W4311057095,W2767845755,Directed
W4403389840,W2767845755,Directed
W4402365892,W2767845755,Directed
W4414509797,W2767845755,Directed
W3161393114,W2767845755,Directed
W4285214083,W2767845755,Directed
W4311135138,W2767845755,Directed
W4379261018,W2767845755,Directed
W4401580191,W2767845755,Directed
W3005127490,W2767845755,Directed
W3215616366,W2767845755,Directed
W4214572180,W2767845755,Directed
W4391759500,W2767845755,Directed
W4229067753,W2767845755,Directed
W4411784653,W2767845755,Directed
W3216008396,W2767845755,Directed
W4377238971,W2767845755,Directed
W3216107962,W2767845755,Directed
W3201232807,W2767845755,Directed
W2962219247,W2767845755,Directed
W4285386774,W2767845755,Directed
W3113803702,W2767845755,Directed
W3180537263,W2767845755,Directed
W4281754874,W2767845755,Directed
W4322124262,W2767845755,Directed
W4323354586,W2767845755,Directed
W4381278874,W2767845755,Directed
W4385216488,W2767845755,Directed
W4387892146,W2767845755,Directed
W4388039901,W2767845755,Directed
W4410356956,W2767845755,Directed
W4415695813,W2767845755,Directed
W7117354260,W2767845755,Directed
W7125797463,W2767845755,Directed
W7151959191,W2767845755,Directed
W7164837470,W2767845755,Directed
W4309674289,W2947681066,Directed
W4404534210,W2947681066,Directed
W3034188538,W2947681066,Directed
W3213990450,W2947681066,Directed
W3034863243,W2947681066,Directed
W3034808961,W2947681066,Directed
W4388691793,W2947681066,Directed
W4405114800,W2947681066,Directed
W3102645206,W2947681066,Directed
W3141940864,W2947681066,Directed
W3034556525,W2947681066,Directed
W4283830961,W2947681066,Directed
W3153947101,W2947681066,Directed
W3102489149,W2947681066,Directed
W3099474967,W2947681066,Directed
W4396832043,W2947681066,Directed
W2981456979,W2947681066,Directed
W3155332104,W2947681066,Directed
W3174073137,W2947681066,Directed
W4289344424,W2947681066,Directed
W3215701899,W2947681066,Directed
W4404122190,W2947681066,Directed
W3021338988,W2947681066,Directed
W4386566731,W2947681066,Directed
W4415271252,W2947681066,Directed
W3107647534,W2947681066,Directed
W3197332064,W2947681066,Directed
W4399489935,W2947681066,Directed
W4389519430,W2947681066,Directed
W4400618070,W2947681066,Directed
W4409177398,W2947681066,Directed
W4396841884,W2947681066,Directed
W4411993048,W2947681066,Directed
W3035620114,W2947681066,Directed
W3098295417,W2947681066,Directed
W3100262863,W2947681066,Directed
W3125565408,W2947681066,Directed
W3182483462,W2947681066,Directed
W3165988112,W2947681066,Directed
W3034535994,W2947681066,Directed
W4385572815,W2947681066,Directed
W4312711992,W2947681066,Directed
W4367047420,W2947681066,Directed
W4392942881,W2947681066,Directed
W4323244244,W2947681066,Directed
W4306173692,W2947681066,Directed
W4399913536,W2947681066,Directed
W3175929660,W2947681066,Directed
W3103464296,W2947681066,Directed
W3198948523,W2947681066,Directed
W3153239706,W2947681066,Directed
W3157230343,W2947681066,Directed
W4294975605,W2947681066,Directed
W3213471084,W2947681066,Directed
W4224873813,W2947681066,Directed
W4313591551,W2947681066,Directed
W4385266027,W2947681066,Directed
W4384304914,W2947681066,Directed
W4385734257,W2947681066,Directed
W4412396453,W2947681066,Directed
W3214646912,W2947681066,Directed
W4389520363,W2947681066,Directed
W4287553350,W2947681066,Directed
W4407681614,W2947681066,Directed
W7124747728,W2947681066,Directed
W3214464111,W2947681066,Directed
W4285236834,W2947681066,Directed
W3212408173,W2947681066,Directed
W4393059016,W2947681066,Directed
W4403061430,W2947681066,Directed
W4411918206,W2947681066,Directed
W4413925405,W2947681066,Directed
W4414799483,W2947681066,Directed
W3214146384,W2947681066,Directed
W4220795285,W2947681066,Directed
W4297175312,W2947681066,Directed
W4210777287,W2947681066,Directed
W4285218587,W2947681066,Directed
W4382202592,W2947681066,Directed
W4323363096,W2947681066,Directed
W4323645726,W2947681066,Directed
W3136136581,W2947681066,Directed
W4360585189,W2947681066,Directed
W4400581759,W2947681066,Directed
W4385488826,W2947681066,Directed
W4385573652,W2947681066,Directed
W4310113623,W2947681066,Directed
W4312934872,W2947681066,Directed
W4387250957,W2947681066,Directed
W4391320627,W2947681066,Directed
W4402353789,W2947681066,Directed
W3092958231,W2947681066,Directed
W4205941092,W2947681066,Directed
W4226149021,W2947681066,Directed
W4287988220,W2947681066,Directed
W4312351308,W2947681066,Directed
W3158419028,W2947681066,Directed
W4385682310,W2947681066,Directed
W3156686659,W2947681066,Directed
W3015517925,W2947681066,Directed
W3094090968,W2947681066,Directed
W3094244719,W2947681066,Directed
W2971455676,W2947681066,Directed
W3033434706,W2947681066,Directed
W3094307802,W2947681066,Directed
W3134559341,W2947681066,Directed
W3093032106,W2947681066,Directed
W4323651065,W2947681066,Directed
W3019839800,W2947681066,Directed
W3187952778,W2947681066,Directed
W3216949511,W2947681066,Directed
W3088169793,W2947681066,Directed
W2983611420,W2947681066,Directed
W3130796325,W2947681066,Directed
W3208827760,W2947681066,Directed
W3131209550,W2947681066,Directed
W3092054955,W2947681066,Directed
W3113199825,W2947681066,Directed
W4290974148,W2947681066,Directed
W3093061433,W2947681066,Directed
W3164779522,W2947681066,Directed
W3092475796,W2947681066,Directed
W3126612179,W2947681066,Directed
W3198770724,W2947681066,Directed
W3212260561,W2947681066,Directed
W3023473227,W2947681066,Directed
W3135777832,W2947681066,Directed
W3185088702,W2947681066,Directed
W3199045898,W2947681066,Directed
W3212447985,W2947681066,Directed
W3214110416,W2947681066,Directed
W4324266429,W2947681066,Directed
W4387049043,W2947681066,Directed
W4388052762,W2947681066,Directed
W4395097536,W2947681066,Directed
W4396610203,W2947681066,Directed
W4401579117,W2947681066,Directed
W4402352191,W2947681066,Directed
W4409166581,W2947681066,Directed
W4410087367,W2947681066,Directed
W4412378179,W2947681066,Directed
W4413882259,W2947681066,Directed
W4414173160,W2947681066,Directed
W4414775352,W2947681066,Directed
W4415098199,W2947681066,Directed
W4415517988,W2947681066,Directed
W4415590611,W2947681066,Directed
W4416017143,W2947681066,Directed
W4417491397,W2947681066,Directed
W7127060930,W2947681066,Directed
W7127146724,W2947681066,Directed
W7128296015,W2947681066,Directed
W7161590837,W2947681066,Directed
W7166505263,W2947681066,Directed
W4312450628,W3209950363,Directed
W4395056434,W3209950363,Directed
W4213228793,W3209950363,Directed
W4321485482,W3209950363,Directed
W3214896867,W3209950363,Directed
W7140103738,W3209950363,Directed
W4404650820,W4387847472,Directed
W4403582426,W4387847472,Directed
W4404254531,W4387847472,Directed
W4412875481,W4387847472,Directed
W4414603510,W4387847472,Directed
W7117494940,W4387847472,Directed
W4283717058,W3154639321,Directed
W4382517501,W3154639321,Directed
W4225418906,W3154639321,Directed
W4304808006,W3154639321,Directed
W4283806635,W3154639321,Directed
W4312232303,W3154639321,Directed
W4392384941,W3154639321,Directed
W4399205720,W3154639321,Directed
W4410512581,W3154639321,Directed
W4413346244,W3154639321,Directed
W4312971014,W3154639321,Directed
W3213318239,W3154639321,Directed
W4366590880,W3154639321,Directed
W4382281593,W3154639321,Directed
W4411680696,W3154639321,Directed
W4399150114,W3154639321,Directed
W4408973622,W3154639321,Directed
W4406838421,W3154639321,Directed
W4413127364,W3154639321,Directed
W4416661358,W3154639321,Directed
W3215624089,W3154639321,Directed
W4309045044,W3154639321,Directed
W4389096559,W3154639321,Directed
W4399141063,W3154639321,Directed
W4366967714,W3154639321,Directed
W4207065829,W3154639321,Directed
W4323528647,W3154639321,Directed
W4387344744,W3154639321,Directed
W4387704354,W3154639321,Directed
W4399205238,W3154639321,Directed
W4402005891,W3154639321,Directed
W4409360828,W3154639321,Directed
W4416267628,W3154639321,Directed
W7133900920,W3154639321,Directed
W7167830893,W3154639321,Directed
W4367319708,W4292423901,Directed
W4383993482,W4292423901,Directed
W4396723396,W4292423901,Directed
W4400526043,W4292423901,Directed
W4394973476,W4292423901,Directed
W4386370543,W4292423901,Directed
W4376851154,W4292423901,Directed
W4387854274,W4292423901,Directed
W4398321101,W4292423901,Directed
W4407948490,W4292423901,Directed
W4416018074,W4292423901,Directed
W4396758741,W4292423901,Directed
W4390691134,W4292423901,Directed
W4396821616,W4292423901,Directed
W4387846685,W4292423901,Directed
W4391549752,W4292423901,Directed
W4392607719,W4292423901,Directed
W4400910468,W4292423901,Directed
W4401863571,W4292423901,Directed
W4386729356,W4292423901,Directed
W4395008914,W4292423901,Directed
W4396736277,W4292423901,Directed
W4399913925,W4292423901,Directed
W4400528915,W4292423901,Directed
W4403824281,W4292423901,Directed
W4396843790,W4292423901,Directed
W4396944882,W4292423901,Directed
W4406053379,W4292423901,Directed
W4403577822,W4292423901,Directed
W4396723309,W4292423901,Directed
W4403577911,W4292423901,Directed
W4403582478,W4292423901,Directed
W4412394805,W4292423901,Directed
W4410637046,W4292423901,Directed
W4391900848,W4292423901,Directed
W4378697335,W4292423901,Directed
W4385562596,W4292423901,Directed
W4412378073,W4292423901,Directed
W4389956166,W4292423901,Directed
W4403221787,W4292423901,Directed
W4403577336,W4292423901,Directed
W4410571208,W4292423901,Directed
W4403221210,W4292423901,Directed
W4397028653,W4292423901,Directed
W4409657161,W4292423901,Directed
W4409667646,W4292423901,Directed
W4407517758,W4292423901,Directed
W4412376963,W4292423901,Directed
W4396758695,W4292423901,Directed
W4412377179,W4292423901,Directed
W4412377920,W4292423901,Directed
W4414514056,W4292423901,Directed
W4412875461,W4292423901,Directed
W4388998017,W4292423901,Directed
W4396758758,W4292423901,Directed
W4400524768,W4292423901,Directed
W4411019460,W4292423901,Directed
W4412877070,W4292423901,Directed
W4414035002,W4292423901,Directed
W4416018008,W4292423901,Directed
W4386486753,W4292423901,Directed
W4387968670,W4292423901,Directed
W4396843777,W4292423901,Directed
W4387846847,W4292423901,Directed
W4399855289,W4292423901,Directed
W4388670246,W4292423901,Directed
W4401164495,W4292423901,Directed
W4403220120,W4292423901,Directed
W4403577923,W4292423901,Directed
W4406264066,W4292423901,Directed
W4407769958,W4292423901,Directed
W4409158227,W4292423901,Directed
W4410505572,W4292423901,Directed
W4413142846,W4292423901,Directed
W4415250734,W4292423901,Directed
W4417382378,W4292423901,Directed
W4392384619,W4292423901,Directed
W4328027436,W4292423901,Directed
W4380714729,W4292423901,Directed
W4389454038,W4292423901,Directed
W4392053945,W4292423901,Directed
W4392846388,W4292423901,Directed
W4393186360,W4292423901,Directed
W4403577839,W4292423901,Directed
W4405897524,W4292423901,Directed
W4406025418,W4292423901,Directed
W4407266046,W4292423901,Directed
W4407953144,W4292423901,Directed
W4407953583,W4292423901,Directed
W4408048509,W4292423901,Directed
W4408352287,W4292423901,Directed
W4408565768,W4292423901,Directed
W4409158543,W4292423901,Directed
W4409355989,W4292423901,Directed
W4410087487,W4292423901,Directed
W4411523080,W4292423901,Directed
W4411550017,W4292423901,Directed
W4412876972,W4292423901,Directed
W4413860180,W4292423901,Directed
W4414034908,W4292423901,Directed
W4414070760,W4292423901,Directed
W4414544585,W4292423901,Directed
W4414758194,W4292423901,Directed
W4415540211,W4292423901,Directed
W4416016501,W4292423901,Directed
W4416078509,W4292423901,Directed
W4416252020,W4292423901,Directed
W4416290716,W4292423901,Directed
W7118026309,W4292423901,Directed
W7127082602,W4292423901,Directed
W7128614481,W4292423901,Directed
W7128731380,W4292423901,Directed
W7128929896,W4292423901,Directed
W7129001502,W4292423901,Directed
W7129094330,W4292423901,Directed
W7129671405,W4292423901,Directed
W7130657287,W4292423901,Directed
W7131389384,W4292423901,Directed
W7131433155,W4292423901,Directed
W7134987868,W4292423901,Directed
W7138030810,W4292423901,Directed
W7152445632,W4292423901,Directed
W7152470887,W4292423901,Directed
W7152513710,W4292423901,Directed
W7152556900,W4292423901,Directed
W7155068720,W4292423901,Directed
W7155077933,W4292423901,Directed
W7155866248,W4292423901,Directed
W7156180085,W4292423901,Directed
W7160637442,W4292423901,Directed
W7165628713,W4292423901,Directed
W4387846647,W3208981019,Directed
W4403582513,W3208981019,Directed
W4392800005,W3208981019,Directed
W4403577854,W3208981019,Directed
W4284678164,W3208981019,Directed
W4392800531,W3208981019,Directed
W4400909521,W3208981019,Directed
W4407939460,W3208981019,Directed
W4403582839,W3208981019,Directed
W4387846449,W3208981019,Directed
W4403582486,W3208981019,Directed
W4384659755,W3208981019,Directed
W4400528102,W3208981019,Directed
W4404818373,W3208981019,Directed
W4404818404,W3208981019,Directed
W7140205203,W3208981019,Directed
W4413060449,W4381708538,Directed
W7128808378,W4381708538,Directed
W7115007288,W4381708538,Directed
W4402335466,W4381708538,Directed
W4401879822,W4381708538,Directed
W4406189751,W4381708538,Directed
W4415172956,W4381708538,Directed
W4416018077,W4381708538,Directed
W7117128594,W4381708538,Directed
W7162630891,W4381708538,Directed
W4405264897,W4401863589,Directed
W4408183463,W4401863589,Directed
W4401835299,W4401863589,Directed
W4409986421,W4401863589,Directed
W4412875529,W4401863589,Directed
W4409158571,W4401863589,Directed
W4412876848,W4401863589,Directed
W4403862104,W4401863589,Directed
W4401863349,W4401863589,Directed
W4414757965,W4401863589,Directed
W4404304342,W4401863589,Directed
W4413113028,W4401863589,Directed
W4404931550,W4401863589,Directed
W4413886447,W4401863589,Directed
W4415455764,W4401863589,Directed
W4410204320,W4401863589,Directed
W7106533774,W4401863589,Directed
W4414267103,W4401863589,Directed
W4412877112,W4401863589,Directed
W4401863391,W4401863589,Directed
W4412128483,W4401863589,Directed
W4412877110,W4401863589,Directed
W4415166068,W4401863589,Directed
W4415367388,W4401863589,Directed
W4416038816,W4401863589,Directed
W4416038818,W4401863589,Directed
W4416265842,W4401863589,Directed
W4416922089,W4401863589,Directed
W4417193369,W4401863589,Directed
W7125958124,W4401863589,Directed
W7155054305,W4401863589,Directed
W7155798419,W4401863589,Directed
W4407171721,W4399205777,Directed
W4412846540,W4399205777,Directed
W4410488775,W4399205777,Directed
W4409578793,W4399205777,Directed
W4410806395,W4399205777,Directed
W7119497092,W4399205777,Directed
W7134163558,W4399205777,Directed
W7161480653,W4399205777,Directed
W4210379867,W3093859340,Directed
W4353064258,W3093859340,Directed
W4281696884,W3093859340,Directed
W4306317484,W3093859340,Directed
W4409746272,W3093859340,Directed
W4404979389,W3093859340,Directed
W4415256740,W3093859340,Directed
W4396833237,W3093859340,Directed
W4410486476,W3093859340,Directed
W4415250175,W3093859340,Directed
W4386807373,W3093859340,Directed
W4400085767,W3093859340,Directed
W4412753896,W3093859340,Directed
W4297283181,W3093859340,Directed
W4388348925,W3093859340,Directed
W4391382529,W3093859340,Directed
W4411175584,W3093859340,Directed
W4416744799,W3093859340,Directed
W4417213020,W3093859340,Directed
W7155004743,W3093859340,Directed
W7164558827,W3093859340,Directed
W4392846385,W3200686557,Directed
W4367047145,W3200686557,Directed
W4380323660,W3200686557,Directed
W4392384868,W3200686557,Directed
W4415368212,W3200686557,Directed
W4282567554,W3200686557,Directed
W4294433594,W3200686557,Directed
W4225665828,W3200686557,Directed
W4312391334,W3200686557,Directed
W4399975252,W3200686557,Directed
W4400193122,W3200686557,Directed
W4387847405,W3200686557,Directed
W4395030977,W3200686557,Directed
W4403582692,W3200686557,Directed
W4405347173,W3200686557,Directed
W4387849010,W3200686557,Directed
W4360851801,W3200686557,Directed
W4387846778,W3200686557,Directed
W4392384854,W3200686557,Directed
W4403577831,W3200686557,Directed
W4407564270,W3200686557,Directed
W4407953366,W3200686557,Directed
W4412377132,W3200686557,Directed
W4312686696,W3200686557,Directed
W4384948880,W3200686557,Directed
W4406458701,W3200686557,Directed
W4327658179,W3200686557,Directed
W4401857633,W3200686557,Directed
W4226166126,W3200686557,Directed
W4387913206,W3200686557,Directed
W4402438099,W3200686557,Directed
W4384649087,W3200686557,Directed
W4378505367,W3200686557,Directed
W4327498009,W3200686557,Directed
W4327927974,W3200686557,Directed
W4385478101,W3200686557,Directed
W4406458721,W3200686557,Directed
W4406696037,W3200686557,Directed
W4412377298,W3200686557,Directed
W4415192159,W3200686557,Directed
W4416016754,W3200686557,Directed
W7125690312,W3200686557,Directed
W7129065452,W3200686557,Directed
W7160245070,W3200686557,Directed
W7162441723,W3200686557,Directed
W3202466114,W3093938929,Directed
W4288749659,W3093938929,Directed
W4389762644,W3093938929,Directed
W4379348875,W3093938929,Directed
W4388510005,W3093938929,Directed
W4385990946,W3093938929,Directed
W4379506303,W3093938929,Directed
W4306385899,W3093938929,Directed
W4389519217,W3093938929,Directed
W4296899562,W3093938929,Directed
W4280563382,W3093938929,Directed
W4393248081,W3093938929,Directed
W4394593101,W3093938929,Directed
W4416782450,W3093938929,Directed
W4200359965,W3093938929,Directed
W3201530880,W3093938929,Directed
W4307983510,W3093938929,Directed
W4393971145,W3093938929,Directed
W4417132706,W3093938929,Directed
W4297858789,W3093938929,Directed
W4200635677,W3093938929,Directed
W4385724447,W3093938929,Directed
W4406916533,W3093938929,Directed
W3090423411,W3093938929,Directed
W4292622123,W3093938929,Directed
W3213002372,W3093938929,Directed
W4297886129,W3093938929,Directed
W3139249382,W3093938929,Directed
W3196410650,W3093938929,Directed
W3197574730,W3093938929,Directed
W4387619745,W3093938929,Directed
W4405025801,W3093938929,Directed
W4409830445,W3093938929,Directed
W4416751118,W3093938929,Directed
W7118443991,W3093938929,Directed
W7166581099,W3093938929,Directed
W4391094990,W4399205826,Directed
W4408145869,W4399205826,Directed
W4413947764,W4399205826,Directed
W4403724150,W4399205826,Directed
W7116675870,W4399205826,Directed
W4416017517,W4399205826,Directed
W4413792169,W4399205826,Directed
W4319586044,W4306317709,Directed
W4411933219,W4306317709,Directed
W7151263066,W4306317709,Directed
W4404558356,W4221155795,Directed
W4309855356,W2910504729,Directed
W4312092549,W2910504729,Directed
W4384407209,W2910504729,Directed
W4407779823,W2910504729,Directed
W4414985249,W2910504729,Directed
W4280492827,W2910504729,Directed
W4406169465,W2910504729,Directed
W4312386337,W2910504729,Directed
W3166493954,W2910504729,Directed
W4236738970,W2910504729,Directed
W4394851076,W2910504729,Directed
W4324025730,W2910504729,Directed
W4226366050,W2910504729,Directed
W2980412466,W2810902748,Directed
W3163524335,W2810902748,Directed
W4206050843,W2810902748,Directed
W4378945402,W2810902748,Directed
W4320853810,W2810902748,Directed
W4399205534,W2810902748,Directed
W4403490182,W2810902748,Directed
W4407953302,W2810902748,Directed
W4401509011,W2810902748,Directed
W4410538735,W2810902748,Directed
W2975990996,W2810902748,Directed
W4296511052,W2810902748,Directed
W4313049549,W2810902748,Directed
W3209912973,W2810902748,Directed
W4388144224,W2810902748,Directed
W4404172456,W2810902748,Directed
W4403181917,W2810902748,Directed
W4411595319,W2810902748,Directed
W4416018112,W2810902748,Directed
W4360841402,W2810902748,Directed
W3137371290,W2810902748,Directed
W3177149577,W2810902748,Directed
W4406740226,W2810902748,Directed
W4296168745,W2810902748,Directed
W4403389894,W2810902748,Directed
W4411699545,W2810902748,Directed
W4410486512,W2810902748,Directed
W4392251996,W2810902748,Directed
W4312717789,W2810902748,Directed
W4402334735,W2810902748,Directed
W4415259377,W2810902748,Directed
W4286433228,W2810902748,Directed
W4386764775,W2810902748,Directed
W3025160812,W2810902748,Directed
W4403599395,W2810902748,Directed
W4409353823,W2810902748,Directed
W2954757710,W2810902748,Directed
W4205453658,W2810902748,Directed
W4378835528,W2810902748,Directed
W4396843613,W2810902748,Directed
W2972352314,W2810902748,Directed
W4327915215,W2810902748,Directed
W4230926665,W2810902748,Directed
W4396720173,W2810902748,Directed
W4200213829,W2810902748,Directed
W4200342787,W2810902748,Directed
W4200419941,W2810902748,Directed
W4200421646,W2810902748,Directed
W4200562822,W2810902748,Directed
W4293085331,W2810902748,Directed
W4366990342,W2810902748,Directed
W4386265013,W2810902748,Directed
W4396865339,W2810902748,Directed
W4400117430,W2810902748,Directed
W4403751164,W2810902748,Directed
W4403864409,W2810902748,Directed
W4406460484,W2810902748,Directed
W4406844153,W2810902748,Directed
W4406946176,W2810902748,Directed
W4408610986,W2810902748,Directed
W4413228189,W2810902748,Directed
W4413282495,W2810902748,Directed
W4415199371,W2810902748,Directed
W7127330711,W2810902748,Directed
W4410762246,W4399205800,Directed
W4406458426,W4399205800,Directed
W4415005763,W4399205800,Directed
W7153977737,W4399205800,Directed
W4404468987,W4399205800,Directed
W4415625333,W4399205800,Directed
W4416038543,W4399205800,Directed
W7153640447,W4399205800,Directed
W4417003056,W4399205951,Directed
W4399205132,W4380359162,Directed
W4395000068,W4380359162,Directed
W4387724546,W4380359162,Directed
W7140728977,W4380359162,Directed
W4409457217,W4401857309,Directed
W4414931491,W4401857309,Directed
W4408358633,W4401857309,Directed
W4412876836,W4401857309,Directed
W4412826019,W4401857309,Directed
W7154969141,W4401857309,Directed
W4408679340,W4312862517,Directed
W4411260892,W4312862517,Directed
W4367046830,W4312862517,Directed
W4404968491,W4312862517,Directed
W4399715504,W4312862517,Directed
W4407639515,W4312862517,Directed
W4406077597,W4312862517,Directed
W4400490399,W4312862517,Directed
W4406725881,W4312862517,Directed
W4413321748,W4312862517,Directed
W7155857674,W4312862517,Directed
W7162214501,W4312862517,Directed
W3122328384,W2796881724,Directed
W3091315987,W2796881724,Directed
W3080223069,W2796881724,Directed
W3014487746,W2796881724,Directed
W3013437827,W2796881724,Directed
W4211179769,W2796881724,Directed
W3081379046,W2796881724,Directed
W3172559340,W2796881724,Directed
W2971050273,W2796881724,Directed
W2954709811,W2796881724,Directed
W3106460864,W2796881724,Directed
W4281889937,W2796881724,Directed
W3125759795,W2796881724,Directed
W3137696207,W2796881724,Directed
W3174116037,W2796881724,Directed
W3037924069,W2796881724,Directed
W3094067570,W2796881724,Directed
W3080432310,W2796881724,Directed
W3155541393,W2796881724,Directed
W3217136524,W2796881724,Directed
W3107538025,W2796881724,Directed
W3126181281,W2796881724,Directed
W4317566631,W2796881724,Directed
W2989223447,W2796881724,Directed
W3009799308,W2796881724,Directed
W4392728800,W2796881724,Directed
W2954462910,W2796881724,Directed
W3134636647,W2796881724,Directed
W4281630822,W2796881724,Directed
W4396223314,W2796881724,Directed
W3080190007,W2796881724,Directed
W3210712343,W2796881724,Directed
W4396218551,W2796881724,Directed
W4391947766,W2796881724,Directed
W4399205930,W2796881724,Directed
W3080574198,W2796881724,Directed
W3015779319,W2796881724,Directed
W3003734448,W2796881724,Directed
W3197986154,W2796881724,Directed
W3030392376,W2796881724,Directed
W3081370563,W2796881724,Directed
W3081288631,W2796881724,Directed
W3204841898,W2796881724,Directed
W3126840644,W2796881724,Directed
W4402288698,W2796881724,Directed
W3107323457,W2796881724,Directed
W3162427457,W2796881724,Directed
W4311537406,W2796881724,Directed
W4289326033,W2796881724,Directed
W3100910918,W2796881724,Directed
W3160230506,W2796881724,Directed
W3173935901,W2796881724,Directed
W3012164585,W2796881724,Directed
W3198122208,W2796881724,Directed
W3080416674,W2796881724,Directed
W3200981777,W2796881724,Directed
W3153565644,W2796881724,Directed
W4385573162,W2796881724,Directed
W4407767103,W2796881724,Directed
W4287887661,W2796881724,Directed
W4389383976,W2796881724,Directed
W4396944881,W2796881724,Directed
W4398234652,W2796881724,Directed
W3159563206,W2796881724,Directed
W4407722300,W2796881724,Directed
W4411848615,W2796881724,Directed
W4412073304,W2796881724,Directed
W4383616907,W2796881724,Directed
W4410513214,W2796881724,Directed
W4389520045,W2796881724,Directed
W4417146745,W2796881724,Directed
W3080714937,W2796881724,Directed
W3080981270,W2796881724,Directed
W3000157158,W2796881724,Directed
W3113046443,W2796881724,Directed
W3185300650,W2796881724,Directed
W2979791645,W2796881724,Directed
W2903015761,W2796881724,Directed
W2914707617,W2796881724,Directed
W4211056753,W2796881724,Directed
W4213208937,W2796881724,Directed
W4386462154,W2796881724,Directed
W4391231681,W2796881724,Directed
W4400895604,W2796881724,Directed
W4410859935,W2796881724,Directed
W4386790287,W2796881724,Directed
W4409160211,W2796881724,Directed
W4385569752,W2796881724,Directed
W4390402753,W2796881724,Directed
W4394911099,W2796881724,Directed
W4396843601,W2796881724,Directed
W3022655806,W2796881724,Directed
W3024950738,W2796881724,Directed
W2972356763,W2796881724,Directed
W3093772265,W2796881724,Directed
W3036977653,W2796881724,Directed
W4210747227,W2796881724,Directed
W4380358346,W2796881724,Directed
W3207901737,W2796881724,Directed
W4399205929,W2796881724,Directed
W2971389160,W2796881724,Directed
W4392391386,W2796881724,Directed
W4225566846,W2796881724,Directed
W4389632816,W2796881724,Directed
W4407871088,W2796881724,Directed
W4407525734,W2796881724,Directed
W4389524387,W2796881724,Directed
W3012011220,W2796881724,Directed
W3081257413,W2796881724,Directed
W4313388114,W2796881724,Directed
W4387363036,W2796881724,Directed
W4390486036,W2796881724,Directed
W4381884092,W2796881724,Directed
W4399205939,W2796881724,Directed
W4404511771,W2796881724,Directed
W7126244203,W2796881724,Directed
W3188120524,W2796881724,Directed
W3175547999,W2796881724,Directed
W4386471615,W2796881724,Directed
W3029778218,W2796881724,Directed
W2903088770,W2796881724,Directed
W2904236443,W2796881724,Directed
W2889765002,W2796881724,Directed
W3168006205,W2796881724,Directed
W4287888902,W2796881724,Directed
W4221111024,W2796881724,Directed
W3028896959,W2796881724,Directed
W4385570383,W2796881724,Directed
W3165794199,W2796881724,Directed
W4366989944,W2796881724,Directed
W3126888391,W2796881724,Directed
W3192776878,W2796881724,Directed
W4210983576,W2796881724,Directed
W4220675339,W2796881724,Directed
W4224256858,W2796881724,Directed
W4242682031,W2796881724,Directed
W4283579519,W2796881724,Directed
W4372284239,W2796881724,Directed
W4384209937,W2796881724,Directed
W4385569921,W2796881724,Directed
W4388508695,W2796881724,Directed
W4388509341,W2796881724,Directed
W4388937229,W2796881724,Directed
W4394691775,W2796881724,Directed
W4396684878,W2796881724,Directed
W4398247821,W2796881724,Directed
W4409656187,W2796881724,Directed
W4410704363,W2796881724,Directed
W4414910761,W2796881724,Directed
W4416744731,W2796881724,Directed
W7108318529,W2796881724,Directed
W7116799245,W2796881724,Directed
W7125484041,W2796881724,Directed
W7149580260,W2796881724,Directed
W7156732102,W2796881724,Directed
W3092042428,W2991447357,Directed
W3174604160,W2991447357,Directed
W3124364749,W2991447357,Directed
W3212791809,W2991447357,Directed
W4386380139,W2991447357,Directed
W4410049653,W2991447357,Directed
W3211902004,W2991447357,Directed
W4200446854,W2991447357,Directed
W3175604790,W2991447357,Directed
W4324007106,W2991447357,Directed
W4387328934,W2991447357,Directed
W4214598619,W2991447357,Directed
W3175971736,W2991447357,Directed
W4366003039,W2991447357,Directed
W4297633614,W2991447357,Directed
W4389861992,W2991447357,Directed
W4378072123,W2991447357,Directed
W4323318050,W2991447357,Directed
W4409657415,W2991447357,Directed
W4405655086,W2991447357,Directed
W4361017983,W2991447357,Directed
W4389941910,W2991447357,Directed
W3202334857,W2991447357,Directed
W3088838442,W2991447357,Directed
W4324007209,W2991447357,Directed
W4396827188,W2991447357,Directed
W4403341616,W2991447357,Directed
W4312347429,W2991447357,Directed
W4380302209,W2991447357,Directed
W4409657566,W2991447357,Directed
W3125531365,W2991447357,Directed
W4385567431,W2991447357,Directed
W4401580501,W2991447357,Directed
W4317772760,W2991447357,Directed
W4387475687,W2991447357,Directed
W3204431814,W2991447357,Directed
W4320036917,W2991447357,Directed
W3174838948,W2991447357,Directed
W4402891927,W2991447357,Directed
W4378976741,W2991447357,Directed
W4319161355,W2991447357,Directed
W2989620755,W2991447357,Directed
W7154128501,W2991447357,Directed
W3200667704,W2991447357,Directed
W4292937952,W2991447357,Directed
W4312072298,W2991447357,Directed
W4313204798,W2991447357,Directed
W4365519233,W2991447357,Directed
W4366813972,W2991447357,Directed
W4410148839,W2991447357,Directed
W4410148848,W2991447357,Directed
W4416038906,W2991447357,Directed
W4416962025,W2991447357,Directed
W4417295076,W2991447357,Directed
W7127052651,W2991447357,Directed
W4401325543,W4399205148,Directed
W4411120855,W4399205148,Directed
W4392728800,W4380302040,Directed
W4407406486,W4380302040,Directed
W4399058675,W4380302040,Directed
W4399205930,W4380302040,Directed
W4409657249,W4380302040,Directed
W4406534197,W4380302040,Directed
W4402527062,W4380302040,Directed
W4403780529,W4380302040,Directed
W4408565032,W4380302040,Directed
W4409160211,W4380302040,Directed
W4410636799,W4380302040,Directed
W4403577496,W4380302040,Directed
W4412939381,W4380302040,Directed
W4415545976,W4380302040,Directed
W4404820837,W4380302040,Directed
W4387846315,W4380302040,Directed
W4403322060,W4380302040,Directed
W4390718356,W4380302040,Directed
W4414927987,W4380302040,Directed
W4398186366,W4380302040,Directed
W4404956758,W4380302040,Directed
W4407037520,W4380302040,Directed
W4408355625,W4380302040,Directed
W4409763538,W4380302040,Directed
W4411255391,W4380302040,Directed
W4411858708,W4380302040,Directed
W4412394955,W4380302040,Directed
W4415539626,W4380302040,Directed
W7104557885,W4380302040,Directed
W7139939505,W4380302040,Directed
W7155041631,W4380302040,Directed
W7156732102,W4380302040,Directed
W7160116144,W4380302040,Directed
W7162670203,W4380302040,Directed
W7164808656,W4380302040,Directed
W7164849829,W4380302040,Directed
W4393160654,W3210022786,Directed
W4307907065,W3210022786,Directed
W4283712118,W3210022786,Directed
W4385289230,W3210022786,Directed
W4382239959,W3210022786,Directed
W4221168025,W3210022786,Directed
W4388090747,W3210022786,Directed
W4224316507,W3210022786,Directed
W4379806284,W3210022786,Directed
W3201124874,W3210022786,Directed
W4391751718,W3210022786,Directed
W4386590817,W3210022786,Directed
W4403577882,W3210022786,Directed
W4399541501,W3210022786,Directed
W4394789421,W3210022786,Directed
W4313531423,W3210022786,Directed
W4385682562,W3210022786,Directed
W4376619054,W3210022786,Directed
W4384648451,W3210022786,Directed
W4399208756,W3210022786,Directed
W4403780914,W3210022786,Directed
W4319456769,W3210022786,Directed
W4392872032,W3210022786,Directed
W4403687832,W3210022786,Directed
W4408858360,W3210022786,Directed
W4409671571,W3210022786,Directed
W4386973907,W3210022786,Directed
W4306317308,W3210022786,Directed
W4394779253,W3210022786,Directed
W4395069578,W3210022786,Directed
W4402328938,W3210022786,Directed
W4412377122,W3210022786,Directed
W4400857494,W3210022786,Directed
W4408500716,W3210022786,Directed
W4405060459,W3210022786,Directed
W4406233646,W3210022786,Directed
W7118132038,W3210022786,Directed
W4406906658,W3210022786,Directed
W4408352471,W3210022786,Directed
W4414164481,W3210022786,Directed
W4415539083,W3210022786,Directed
W4415538906,W3210022786,Directed
W4385565280,W3210022786,Directed
W4387848833,W3210022786,Directed
W4315777954,W3210022786,Directed
W4321606819,W3210022786,Directed
W4387490536,W3210022786,Directed
W4395666462,W3210022786,Directed
W4280532493,W3210022786,Directed
W4388099454,W3210022786,Directed
W4385805590,W3210022786,Directed
W4390268286,W3210022786,Directed
W4406689864,W3210022786,Directed
W4394994598,W3210022786,Directed
W4401643493,W3210022786,Directed
W4386714635,W3210022786,Directed
W4400910541,W3210022786,Directed
W4408355171,W3210022786,Directed
W4393184950,W3210022786,Directed
W4410172294,W3210022786,Directed
W4401014436,W3210022786,Directed
W4402673518,W3210022786,Directed
W4405031761,W3210022786,Directed
W4406956306,W3210022786,Directed
W4399205161,W3210022786,Directed
W4403295022,W3210022786,Directed
W4406530277,W3210022786,Directed
W4409261531,W3210022786,Directed
W4410721636,W3210022786,Directed
W4414824750,W3210022786,Directed
W4404357918,W3210022786,Directed
W4404926376,W3210022786,Directed
W4409291698,W3210022786,Directed
W4412376665,W3210022786,Directed
W4414693593,W3210022786,Directed
W4416018120,W3210022786,Directed
W4416252704,W3210022786,Directed
W7125101028,W3210022786,Directed
W4406025541,W3210022786,Directed
W4415540429,W3210022786,Directed
W4415967657,W3210022786,Directed
W4416224754,W3210022786,Directed
W4386415099,W3210022786,Directed
W4387968227,W3210022786,Directed
W4403100215,W3210022786,Directed
W4401537073,W3210022786,Directed
W4396768999,W3210022786,Directed
W4403724124,W3210022786,Directed
W4405717762,W3210022786,Directed
W4408365309,W3210022786,Directed
W4389611207,W3210022786,Directed
W4396746850,W3210022786,Directed
W4400834965,W3210022786,Directed
W4403943098,W3210022786,Directed
W4407953286,W3210022786,Directed
W4391097735,W3210022786,Directed
W7128420471,W3210022786,Directed
W7131428342,W3210022786,Directed
W7153761216,W3210022786,Directed
W4407690718,W3210022786,Directed
W4411850783,W3210022786,Directed
W4412981598,W3210022786,Directed
W4414199139,W3210022786,Directed
W4414657974,W3210022786,Directed
W4416260987,W3210022786,Directed
W4416707444,W3210022786,Directed
W4416936040,W3210022786,Directed
W4306317390,W3210022786,Directed
W4225633098,W3210022786,Directed
W4387109367,W3210022786,Directed
W4391114896,W3210022786,Directed
W4401934754,W3210022786,Directed
W4403938643,W3210022786,Directed
W4405126988,W3210022786,Directed
W4405318171,W3210022786,Directed
W4408662943,W3210022786,Directed
W4410492069,W3210022786,Directed
W4412387423,W3210022786,Directed
W4390060505,W3210022786,Directed
W4391616504,W3210022786,Directed
W4400935308,W3210022786,Directed
W4403381080,W3210022786,Directed
W4409158417,W3210022786,Directed
W4413005962,W3210022786,Directed
W4416390165,W3210022786,Directed
W4312338983,W3210022786,Directed
W4387426849,W3210022786,Directed
W4391558095,W3210022786,Directed
W4392345267,W3210022786,Directed
W4403991553,W3210022786,Directed
W4404725191,W3210022786,Directed
W4386351088,W3210022786,Directed
W4387130536,W3210022786,Directed
W4389519201,W3210022786,Directed
W4221048744,W3210022786,Directed
W4365788523,W3210022786,Directed
W4391093055,W3210022786,Directed
W4392254214,W3210022786,Directed
W4392903949,W3210022786,Directed
W4400947571,W3210022786,Directed
W4401213665,W3210022786,Directed
W4401797873,W3210022786,Directed
W4403938646,W3210022786,Directed
W4405943448,W3210022786,Directed
W4410300849,W3210022786,Directed
W4410486479,W3210022786,Directed
W4386977928,W3210022786,Directed
W4401832716,W3210022786,Directed
W4396709640,W3210022786,Directed
W4387806067,W3210022786,Directed
W4401588931,W3210022786,Directed
W4388276239,W3210022786,Directed
W4372049291,W3210022786,Directed
W4390679841,W3210022786,Directed
W4391092813,W3210022786,Directed
W4394910475,W3210022786,Directed
W4396931480,W3210022786,Directed
W4399042070,W3210022786,Directed
W4401211610,W3210022786,Directed
W4402569399,W3210022786,Directed
W4403706689,W3210022786,Directed
W4404724892,W3210022786,Directed
W4407613864,W3210022786,Directed
W4408663512,W3210022786,Directed
W4408791219,W3210022786,Directed
W4408860121,W3210022786,Directed
W4409019269,W3210022786,Directed
W4410251843,W3210022786,Directed
W4410454888,W3210022786,Directed
W4411115296,W3210022786,Directed
W4411475570,W3210022786,Directed
W4411851178,W3210022786,Directed
W4412346519,W3210022786,Directed
W4412514871,W3210022786,Directed
W4412610557,W3210022786,Directed
W4412941196,W3210022786,Directed
W4413847249,W3210022786,Directed
W4414160927,W3210022786,Directed
W4414253739,W3210022786,Directed
W4414452108,W3210022786,Directed
W4415536914,W3210022786,Directed
W4416078568,W3210022786,Directed
W4416236534,W3210022786,Directed
W4416250224,W3210022786,Directed
W4416250438,W3210022786,Directed
W4416251009,W3210022786,Directed
W4416532879,W3210022786,Directed
W4417471213,W3210022786,Directed
W7108325070,W3210022786,Directed
W7115896404,W3210022786,Directed
W7116916470,W3210022786,Directed
W7117134732,W3210022786,Directed
W7118975360,W3210022786,Directed
W7123357430,W3210022786,Directed
W7124914816,W3210022786,Directed
W7125969751,W3210022786,Directed
W7125974331,W3210022786,Directed
W7126230156,W3210022786,Directed
W7127180415,W3210022786,Directed
W7128384054,W3210022786,Directed
W7129011463,W3210022786,Directed
W7134168500,W3210022786,Directed
W7134171875,W3210022786,Directed
W7140289441,W3210022786,Directed
W7154253227,W3210022786,Directed
W7154897377,W3210022786,Directed
W7154950189,W3210022786,Directed
W7156293246,W3210022786,Directed
W7160039509,W3210022786,Directed
W7160095451,W3210022786,Directed
W7160716659,W3210022786,Directed
W7160719682,W3210022786,Directed
W7161300849,W3210022786,Directed
W7161855058,W3210022786,Directed
W7163250686,W3210022786,Directed
W7164851477,W3210022786,Directed
W7164925237,W3210022786,Directed
W4404239136,W4387846244,Directed
W4406461747,W4387846244,Directed
W4411436166,W4387846244,Directed
W4414253768,W4387846244,Directed
W4417052838,W4387846244,Directed
W7125961459,W4387846244,Directed
W7133297407,W4387846244,Directed
W7133351428,W4387846244,Directed
W4306317966,W3210546159,Directed
W4367299897,W3210546159,Directed
W4387846860,W3210546159,Directed
W4311129667,W3210546159,Directed
W4406080987,W3210546159,Directed
W4285357695,W3210546159,Directed
W4401864135,W3210546159,Directed
W4316497044,W3210546159,Directed
W4406367746,W3210546159,Directed
W4405414202,W3210546159,Directed
W4391213212,W3210546159,Directed
W4392902872,W3210546159,Directed
W4408282748,W3210546159,Directed
W4409057757,W3210546159,Directed
W4412451763,W3210546159,Directed
W4411550769,W3210546159,Directed
W4407360712,W3210546159,Directed
W4412529260,W3210546159,Directed
W4376478656,W3210546159,Directed
W4396790578,W3210546159,Directed
W4403548140,W3210546159,Directed
W4387431505,W3210546159,Directed
W4403679778,W3210546159,Directed
W4399198476,W3210546159,Directed
W4412644156,W3210546159,Directed
W4405669146,W3210546159,Directed
W4407870846,W3210546159,Directed
W4413919370,W3210546159,Directed
W4410143123,W3210546159,Directed
W4386920738,W3210546159,Directed
W4403582556,W3210546159,Directed
W4403791689,W3210546159,Directed
W4401857123,W3210546159,Directed
W4387846331,W3210546159,Directed
W4410636358,W3210546159,Directed
W4400526616,W3210546159,Directed
W4412475354,W3210546159,Directed
W4411560151,W3210546159,Directed
W4414052148,W3210546159,Directed
W4416567113,W3210546159,Directed
W4417325330,W3210546159,Directed
W4402353875,W3210546159,Directed
W4387848846,W3210546159,Directed
W4402352376,W3210546159,Directed
W4408146370,W3210546159,Directed
W4401208150,W3210546159,Directed
W4406611737,W3210546159,Directed
W4407376624,W3210546159,Directed
W4408706490,W3210546159,Directed
W4412370609,W3210546159,Directed
W4412589000,W3210546159,Directed
W4413228065,W3210546159,Directed
W4414853660,W3210546159,Directed
W4414871322,W3210546159,Directed
W4415284524,W3210546159,Directed
W4416018116,W3210546159,Directed
W4416086278,W3210546159,Directed
W4416143516,W3210546159,Directed
W4416249621,W3210546159,Directed
W4416249855,W3210546159,Directed
W4416250917,W3210546159,Directed
W4416251390,W3210546159,Directed
W7124147907,W3210546159,Directed
W7128431246,W3210546159,Directed
W7164549793,W3210546159,Directed
W7165789612,W3210546159,Directed
W7153983682,W4412875497,Directed
W7154026346,W4412875497,Directed
W7160648440,W4412875497,Directed
W7167032533,W4412875497,Directed
W3021955997,W3150521545,Directed
W3198897329,W3150521545,Directed
W3175294292,W3150521545,Directed
W4291016861,W3150521545,Directed
W4387344566,W3150521545,Directed
W4408259027,W3150521545,Directed
W4306377771,W3150521545,Directed
W4396768561,W3150521545,Directed
W4407027121,W3150521545,Directed
W4406087677,W3150521545,Directed
W4409411815,W3150521545,Directed
W4211026163,W3150521545,Directed
W4281763625,W3150521545,Directed
W3213176494,W3150521545,Directed
W4401943091,W3150521545,Directed
W4365508917,W3150521545,Directed
W4380319940,W3150521545,Directed
W4391909577,W3150521545,Directed
W4396626270,W3150521545,Directed
W4312925207,W3150521545,Directed
W4396736206,W3150521545,Directed
W4402459890,W3150521545,Directed
W4380302068,W3150521545,Directed
W4406633383,W3150521545,Directed
W4411927557,W3150521545,Directed
W4402315639,W3150521545,Directed
W4409657366,W3150521545,Directed
W4410278917,W3150521545,Directed
W4416309081,W3150521545,Directed
W3211781298,W3150521545,Directed
W3216770425,W3150521545,Directed
W4362668275,W3150521545,Directed
W4385573470,W3150521545,Directed
W4403331485,W3150521545,Directed
W4385574030,W3150521545,Directed
W4385380324,W3150521545,Directed
W4406704340,W3150521545,Directed
W4385573384,W3150521545,Directed
W4405063009,W3150521545,Directed
W4406371465,W3150521545,Directed
W4404868392,W3150521545,Directed
W4412102455,W3150521545,Directed
W4412683990,W3150521545,Directed
W7131354903,W3150521545,Directed
W4410896985,W3150521545,Directed
W4412431891,W3150521545,Directed
W4388615971,W3150521545,Directed
W4312690234,W3150521545,Directed
W4393079504,W3150521545,Directed
W4400416032,W3150521545,Directed
W4406740303,W3150521545,Directed
W4385763905,W3150521545,Directed
W4409058310,W3150521545,Directed
W4401072054,W3150521545,Directed
W4401287661,W3150521545,Directed
W4387211671,W3150521545,Directed
W4399103094,W3150521545,Directed
W4311910675,W3150521545,Directed
W4381481361,W3150521545,Directed
W4386655615,W3150521545,Directed
W4386874363,W3150521545,Directed
W4396844084,W3150521545,Directed
W4405338452,W3150521545,Directed
W4408116072,W3150521545,Directed
W4412687264,W3150521545,Directed
W4415082760,W3150521545,Directed
W7118178955,W3150521545,Directed
W7125773059,W3150521545,Directed
W7127345469,W3150521545,Directed
W7131078300,W3150521545,Directed
W7133805210,W3150521545,Directed
W7134921008,W3150521545,Directed
W7140745577,W3150521545,Directed
W7147038190,W3150521545,Directed
W7162432553,W3150521545,Directed
W7163399817,W3150521545,Directed
W7164206217,W3150521545,Directed
W7165658155,W3150521545,Directed
W3090540127,W2367130504,Directed
W2783205364,W2367130504,Directed
W2888791883,W2367130504,Directed
W3098967488,W2367130504,Directed
W2967181455,W2367130504,Directed
W3047655929,W2367130504,Directed
W4304481388,W2367130504,Directed
W2883617201,W2367130504,Directed
W2964030120,W2367130504,Directed
W2964334946,W2367130504,Directed
W2996839165,W2367130504,Directed
W3162723980,W2367130504,Directed
W4365420700,W2367130504,Directed
W4387122307,W2367130504,Directed
W3215159825,W2367130504,Directed
W2741352866,W2367130504,Directed
W2988948553,W2367130504,Directed
W2810692338,W2367130504,Directed
W3167896699,W2367130504,Directed
W2954204082,W2367130504,Directed
W2963418189,W2367130504,Directed
W3153180574,W2367130504,Directed
W4397008213,W2367130504,Directed
W4386811912,W2367130504,Directed
W4406913595,W2367130504,Directed
W3091351217,W2367130504,Directed
W4377116168,W2367130504,Directed
W2784029441,W2367130504,Directed
W4210262621,W2367130504,Directed
W2892931814,W2367130504,Directed
W4200407949,W2367130504,Directed
W4285193771,W2367130504,Directed
W4387985137,W2367130504,Directed
W4394569855,W2367130504,Directed
W4394687779,W2367130504,Directed
W4306317303,W2367130504,Directed
W2604455845,W2367130504,Directed
W3017151105,W2367130504,Directed
W4303645606,W2367130504,Directed
W3162522458,W2367130504,Directed
W4313064437,W2367130504,Directed
W3201391725,W2367130504,Directed
W4404626473,W2367130504,Directed
W3013933580,W2367130504,Directed
W3125856089,W2367130504,Directed
W2807052877,W2367130504,Directed
W2892433341,W2367130504,Directed
W2901606890,W2367130504,Directed
W2950811391,W2367130504,Directed
W2999205404,W2367130504,Directed
W4285166752,W2367130504,Directed
W2903635374,W2367130504,Directed
W2604533998,W2367130504,Directed
W2767202083,W2367130504,Directed
W2973113801,W2367130504,Directed
W3132752136,W2367130504,Directed
W4392653534,W2367130504,Directed
W4401452512,W2367130504,Directed
W4404892975,W2367130504,Directed
W4407008777,W2367130504,Directed
W4409449339,W2367130504,Directed
W4410112440,W2367130504,Directed
W7117992561,W2367130504,Directed
W7164041455,W2367130504,Directed
W4415256669,W4312747999,Directed
W4297476635,W4312747999,Directed
W4402173653,W4312747999,Directed
W4402027156,W4312747999,Directed
W4407381340,W4411120879,Directed
W4416226653,W4411120879,Directed
W7162670886,W4411120879,Directed
W3197202805,W3080360467,Directed
W4307328095,W3080360467,Directed
W4293367561,W3080360467,Directed
W4206463706,W3080360467,Directed
W4408252043,W3080360467,Directed
W4413591155,W3080360467,Directed
W4405107181,W3202808249,Directed
W4405107223,W3202808249,Directed
W4402043119,W3202808249,Directed
W4405107146,W3202808249,Directed
W4405107150,W3202808249,Directed
W4405107205,W3202808249,Directed
W4409883436,W3202808249,Directed
W4367310476,W3202808249,Directed
W4405107149,W3202808249,Directed
W4405107153,W3202808249,Directed
W4405107177,W3202808249,Directed
W4403577525,W3202808249,Directed
W4405107143,W3202808249,Directed
W4405107145,W3202808249,Directed
W4405107180,W3202808249,Directed
W4285210551,W3202808249,Directed
W4405107147,W3202808249,Directed
W4405107155,W3202808249,Directed
W4405107165,W3202808249,Directed
W4405107174,W3202808249,Directed
W4405107229,W3202808249,Directed
W4405107230,W3202808249,Directed
W4405107231,W3202808249,Directed
W4405107232,W3202808249,Directed
W4405107234,W3202808249,Directed
W4407953139,W3202808249,Directed
W4409475284,W3202808249,Directed
W4285294723,W3094045953,Directed
W4313558932,W3094045953,Directed
W4221125416,W3094045953,Directed
W4384652592,W3094045953,Directed
W4225110351,W3094045953,Directed
W4375959287,W3094045953,Directed
W4388955817,W3094045953,Directed
W4399282867,W3094045953,Directed
W4288057743,W3094045953,Directed
W4288078008,W3094045953,Directed
W4392581042,W3094045953,Directed
W4402190773,W3094045953,Directed
W4405761894,W3094045953,Directed
W4399883732,W3094045953,Directed
W4413270834,W3094045953,Directed
W4412673534,W3094045953,Directed
W3212485740,W3094045953,Directed
W4296873212,W3094045953,Directed
W3152671171,W3094045953,Directed
W4353075229,W3094045953,Directed
W4377723004,W3094045953,Directed
W4388102067,W3094045953,Directed
W4385571566,W3094045953,Directed
W4392523542,W3094045953,Directed
W4399668292,W3094045953,Directed
W4413554953,W3094045953,Directed
W7108323449,W3094045953,Directed
W7123349858,W3094045953,Directed
W3172728711,W3094045953,Directed
W4399174856,W3094045953,Directed
W4399729437,W3094045953,Directed
W4405234124,W3094045953,Directed
W4407600711,W3094045953,Directed
W4293023479,W3094045953,Directed
W4327644090,W3094045953,Directed
W3196353274,W3094045953,Directed
W4206594174,W3094045953,Directed
W4284899329,W3094045953,Directed
W3135175332,W3094045953,Directed
W3137214022,W3094045953,Directed
W4386600237,W3094045953,Directed
W4389855122,W3094045953,Directed
W3100472924,W3094045953,Directed
W3205669449,W3094045953,Directed
W4200156962,W3094045953,Directed
W4366966678,W3094045953,Directed
W4386883586,W3094045953,Directed
W4394584238,W3094045953,Directed
W4404523857,W3094045953,Directed
W4408373021,W3094045953,Directed
W4411571793,W3094045953,Directed
W4412396197,W3094045953,Directed
W4414788283,W3094045953,Directed
W7134914178,W3094045953,Directed
W7134960579,W3094045953,Directed
W7154024474,W3094045953,Directed
W4409036693,W4380551105,Directed
W4399528514,W4380551105,Directed
W4406614968,W4380551105,Directed
W4415123862,W4380551105,Directed
W4408420424,W4380551105,Directed
W4406219623,W4380551105,Directed
W4409883423,W4380551105,Directed
W4405441334,W4380551105,Directed
W4403722657,W4380551105,Directed
W4411863080,W4380551105,Directed
W4410950206,W4380551105,Directed
W4391021061,W4380551105,Directed
W4393345861,W4380551105,Directed
W4413361151,W4380551105,Directed
W4411573228,W4380551105,Directed
W4412749929,W4380551105,Directed
W4416195120,W4380551105,Directed
W4417509790,W4380551105,Directed
W4409427181,W4380551105,Directed
W4414348442,W4380551105,Directed
W4416113933,W4380551105,Directed
W4416707450,W4380551105,Directed
W7123755946,W4380551105,Directed
W4401837637,W4380551105,Directed
W4407204313,W4380551105,Directed
W4410104105,W4380551105,Directed
W4402897366,W4380551105,Directed
W4403741740,W4380551105,Directed
W4414200304,W4380551105,Directed
W4411369478,W4380551105,Directed
W4404366336,W4380551105,Directed
W4404955217,W4380551105,Directed
W4405517976,W4380551105,Directed
W4405755792,W4380551105,Directed
W4406658655,W4380551105,Directed
W4407977835,W4380551105,Directed
W4408862674,W4380551105,Directed
W4411475562,W4380551105,Directed
W4411549709,W4380551105,Directed
W4412087164,W4380551105,Directed
W4412398823,W4380551105,Directed
W4412557882,W4380551105,Directed
W4412985138,W4380551105,Directed
W4413917822,W4380551105,Directed
W4414265922,W4380551105,Directed
W4414404605,W4380551105,Directed
W4414909456,W4380551105,Directed
W4415821285,W4380551105,Directed
W4416078510,W4380551105,Directed
W4416114067,W4380551105,Directed
W4416250550,W4380551105,Directed
W4416549281,W4380551105,Directed
W4416963887,W4380551105,Directed
W4417510099,W4380551105,Directed
W7113898694,W4380551105,Directed
W7117432402,W4380551105,Directed
W7123778509,W4380551105,Directed
W7123875625,W4380551105,Directed
W7124139984,W4380551105,Directed
W7125490827,W4380551105,Directed
W7125493212,W4380551105,Directed
W7125507476,W4380551105,Directed
W7125521865,W4380551105,Directed
W7127121081,W4380551105,Directed
W7133336794,W4380551105,Directed
W7134176178,W4380551105,Directed
W7134180070,W4380551105,Directed
W7137827368,W4380551105,Directed
W7152418643,W4380551105,Directed
W7152509636,W4380551105,Directed
W7152533702,W4380551105,Directed
W7155019779,W4380551105,Directed
W7155764527,W4380551105,Directed
W7161849988,W4380551105,Directed
W7161977986,W4380551105,Directed
W7162198190,W4380551105,Directed
W7163143707,W4380551105,Directed
W7163398980,W4380551105,Directed
W7163887790,W4380551105,Directed
W7166505361,W4380551105,Directed
W7166556862,W4380551105,Directed
W7133526479,W4416018111,Directed
W4416017907,W4403577407,Directed
W7161849687,W4399205132,Directed
W3121718235,W2126902368,Directed
W2969598588,W2126902368,Directed
W3217260576,W2126902368,Directed
W2895642471,W2126902368,Directed
W2529651079,W2126902368,Directed
W2922216455,W2126902368,Directed
W3013561618,W2126902368,Directed
W3130527742,W2126902368,Directed
W4387193742,W2126902368,Directed
W2808111388,W2126902368,Directed
W4398218050,W2126902368,Directed
W4409149309,W2126902368,Directed
W2532206841,W2126902368,Directed
W2612321775,W2126902368,Directed
W2976588536,W2126902368,Directed
W2108985183,W2126902368,Directed
W2965454917,W2126902368,Directed
W2951384166,W2126902368,Directed
W2511361132,W2126902368,Directed
W2954900103,W2126902368,Directed
W3206962476,W2126902368,Directed
W4234086423,W2126902368,Directed
W4397050680,W2126902368,Directed
W4413979777,W2126902368,Directed
W4415707946,W2126902368,Directed
W7164805510,W2126902368,Directed
W7161031607,W4416017151,Directed
W7140309996,W4416017943,Directed
